Date,Open,Close,High,Low,Volume
2021-04-19,3.671,3.67,3.676,3.666,2831465
2021-04-20,3.645,3.635,3.647,3.63,3477819
2021-04-21,3.657,3.673,3.675,3.657,3902391
2021-04-22,3.683,3.676,3.692,3.669,2184334
2021-04-23,3.672,3.668,3.676,3.663,2552029
2021-04-26,3.651,3.649,3.661,3.644,2768540
2021-04-27,3.654,3.653,3.657,3.641,2121018
2021-04-28,3.636,3.632,3.641,3.627,3666126
2021-04-29,3.664,3.643,3.672,3.64,3700078
2021-04-30,3.623,3.625,3.63,3.611,2578392
2021-05-06,3.664,3.676,3.685,3.662,3361017
2021-05-07,3.716,3.717,3.724,3.708,4324616
2021-05-10,3.724,3.73,3.74,3.72,3787666
2021-05-11,3.731,3.725,3.734,3.724,2970974
2021-05-12,3.725,3.732,3.734,3.713,3353632
2021-05-13,3.719,3.717,3.722,3.707,2610150
2021-05-14,3.719,3.739,3.742,3.712,3780717
2021-05-17,3.781,3.777,3.788,3.772,3243024
2021-05-18,3.803,3.802,3.817,3.799,3741551
2021-05-19,3.795,3.812,3.812,3.789,3796598
2021-05-20,3.806,3.811,3.827,3.794,3240582
2021-05-21,3.811,3.816,3.823,3.806,2863260
2021-05-24,3.836,3.828,3.844,3.826,3379132
2021-05-25,3.79,3.812,3.817,3.79,2505071
2021-05-26,3.857,3.852,3.865,3.842,2967587
2021-05-27,3.823,3.829,3.838,3.821,3546564
2021-05-28,3.825,3.8,3.825,3.798,4376722
2021-05-31,3.836,3.828,3.842,3.826,3697072
2021-06-01,3.839,3.853,3.855,3.838,2488645
2021-06-02,3.828,3.793,3.83,3.781,3493216
2021-06-03,3.802,3.774,3.818,3.766,2854996
2021-06-04,3.715,3.732,3.747,3.674,3264544
2021-06-07,3.759,3.757,3.77,3.754,4232712
2021-06-08,3.799,3.778,3.801,3.771,4505073
2021-06-09,3.778,3.775,3.786,3.771,3406648
2021-06-10,3.767,3.764,3.781,3.758,3575756
2021-06-11,3.795,3.795,3.802,3.792,2645912
2021-06-15,3.72,3.73,3.738,3.705,3426367
2021-06-16,3.718,3.729,3.734,3.71,3302413
2021-06-17,3.673,3.667,3.683,3.655,3189933
2021-06-18,3.625,3.625,3.634,3.622,5291659
2021-06-21,3.615,3.628,3.631,3.604,3848263
2021-06-22,3.642,3.641,3.652,3.631,3067579
2021-06-23,3.64,3.645,3.648,3.637,3776514
2021-06-24,3.632,3.628,3.636,3.625,4705784
2021-06-25,3.623,3.624,3.632,3.621,3830137
2021-06-28,3.618,3.629,3.639,3.609,3578910
2021-06-29,3.619,3.616,3.625,3.614,2561897
2021-06-30,3.596,3.584,3.596,3.579,3493265
2021-07-01,3.61,3.629,3.635,3.608,2284667
2021-07-02,3.64,3.632,3.64,3.631,2946377
2021-07-05,3.651,3.645,3.654,3.635,3378266
2021-07-06,3.651,3.679,3.679,3.651,6248899
2021-07-07,3.676,3.676,3.68,3.665,6169856
2021-07-08,3.68,3.67,3.68,3.664,5741656
2021-07-09,3.684,3.68,3.696,3.674,4311406
2021-07-12,3.691,3.674,3.693,3.669,3028995
2021-07-13,3.684,3.689,3.694,3.679,5223691
2021-07-14,3.683,3.692,3.7,3.683,4759238
2021-07-15,3.715,3.721,3.723,3.71,3570523
2021-07-16,3.72,3.711,3.724,3.708,4039666
2021-07-19,3.7,3.679,3.702,3.677,3647699
2021-07-20,3.705,3.709,3.714,3.705,4282681
2021-07-21,3.685,3.695,3.696,3.679,3692427
2021-07-22,3.667,3.667,3.67,3.66,3963981
2021-07-23,3.675,3.684,3.686,3.672,3257541
2021-07-26,3.681,3.693,3.697,3.681,3553060
2021-07-27,3.675,3.662,3.675,3.657,3036687
2021-07-28,3.695,3.698,3.707,3.693,4515707
2021-07-29,3.714,3.708,3.716,3.702,2211736
2021-07-30,3.721,3.72,3.73,3.711,4166877
2021-08-02,3.685,3.68,3.689,3.676,3820180
2021-08-03,3.682,3.681,3.693,3.678,3010147
2021-08-04,3.682,3.689,3.697,3.682,5145988
2021-08-05,3.689,3.685,3.691,3.682,4128895
2021-08-06,3.666,3.663,3.669,3.661,4381596
2021-08-09,3.555,3.568,3.573,3.544,4858304
2021-08-10,3.557,3.552,3.557,3.545,6274829
2021-08-11,3.542,3.548,3.554,3.541,3312846
2021-08-12,3.575,3.58,3.586,3.571,4803003
2021-08-13,3.589,3.591,3.595,3.584,4017214
2021-08-16,3.635,3.621,3.638,3.62,5383695
2021-08-17,3.645,3.658,3.662,3.641,4538963
2021-08-18,3.658,3.66,3.663,3.653,5651974
2021-08-19,3.653,3.648,3.653,3.63,4918206
2021-08-20,3.652,3.659,3.662,3.649,7588493
2021-08-23,3.636,3.652,3.66,3.63,4487400
2021-08-24,3.677,3.679,3.687,3.676,4528786
2021-08-25,3.672,3.658,3.672,3.657,3487705
2021-08-26,3.656,3.645,3.656,3.644,6747673
2021-08-27,3.665,3.682,3.688,3.664,4765848
2021-08-30,3.706,3.691,3.709,3.689,6226319
2021-08-31,3.689,3.69,3.697,3.687,4707904
2021-09-01,3.69,3.69,3.693,3.68,3986216
2021-09-02,3.689,3.687,3.691,3.681,3051166
2021-09-03,3.679,3.687,3.692,3.676,3668602
2021-09-06,3.71,3.708,3.715,3.707,3487714
2021-09-07,3.711,3.696,3.713,3.689,2920540
2021-09-08,3.659,3.653,3.668,3.65,4383356
2021-09-09,3.638,3.639,3.642,3.634,2026174
2021-09-10,3.647,3.66,3.662,3.647,2911735
2021-09-13,3.64,3.642,3.649,3.631,3199747
2021-09-14,3.641,3.646,3.649,3.641,2005564
2021-09-15,3.664,3.659,3.67,3.658,2350853
2021-09-16,3.639,3.628,3.647,3.621,2678601
2021-09-17,3.596,3.592,3.596,3.578,2966455
2021-09-22,3.632,3.64,3.642,3.631,2321831
2021-09-23,3.612,3.605,3.613,3.601,3864339
2021-09-24,3.578,3.586,3.588,3.573,1861530
2021-09-27,3.59,3.59,3.602,3.59,2902082
2021-09-28,3.58,3.562,3.585,3.559,2017800
2021-09-29,3.555,3.557,3.562,3.551,1873178
2021-09-30,3.55,3.543,3.556,3.542,1809528
2021-10-08,3.58,3.587,3.591,3.58,2228459
2021-10-11,3.587,3.573,3.589,3.57,2084137
2021-10-12,3.58,3.591,3.596,3.58,1749948
2021-10-13,3.591,3.59,3.594,3.583,2075878
2021-10-14,3.633,3.636,3.641,3.628,3243852
2021-10-15,3.641,3.629,3.645,3.626,1804242
2021-10-18,3.591,3.58,3.596,3.574,2809420
2021-10-19,3.584,3.594,3.594,3.581,1502826
2021-10-20,3.574,3.584,3.585,3.57,2218370
2021-10-21,3.596,3.601,3.607,3.596,2363260
2021-10-22,3.601,3.615,3.617,3.599,2525117
2021-10-25,3.606,3.606,3.616,3.603,3481430
2021-10-26,3.63,3.621,3.63,3.618,2793581
2021-10-27,3.596,3.594,3.596,3.58,2562994
2021-10-28,3.61,3.629,3.631,3.609,2873154
2021-10-29,3.623,3.609,3.623,3.608,3198840
2021-11-01,3.594,3.594,3.604,3.592,2381863
2021-11-02,3.605,3.617,3.623,3.605,3221805
2021-11-03,3.6,3.589,3.602,3.586,3042794
2021-11-04,3.581,3.575,3.586,3.571,2258878
2021-11-05,3.616,3.624,3.626,3.616,3192764
2021-11-08,3.673,3.66,3.673,3.656,2526805
2021-11-09,3.675,3.671,3.676,3.662,3452597
2021-11-10,3.675,3.669,3.679,3.663,2427812
2021-11-11,3.716,3.721,3.732,3.707,3133118
2021-11-12,3.73,3.722,3.732,3.72,2887380
2021-11-15,3.729,3.716,3.73,3.709,2282392
2021-11-16,3.734,3.732,3.741,3.729,2872124
2021-11-17,3.717,3.72,3.723,3.711,3129736
2021-11-18,3.74,3.735,3.745,3.735,3273732
2021-11-19,3.734,3.73,3.739,3.727,2350218
2021-11-22,3.706,3.696,3.711,3.694,3875656
2021-11-23,3.651,3.632,3.651,3.63,4074128
2021-11-24,3.615,3.613,3.621,3.606,3678652
2021-11-25,3.614,3.611,3.616,3.609,3345104
2021-11-26,3.613,3.628,3.631,3.61,3540898
2021-11-29,3.618,3.614,3.62,3.61,3228558
2021-11-30,3.592,3.605,3.608,3.586,3299094
2021-12-01,3.572,3.591,3.599,3.564,4057051
2021-12-02,3.582,3.575,3.582,3.569,3521357
2021-12-03,3.562,3.566,3.573,3.56,2498919
2021-12-06,3.586,3.592,3.596,3.585,2366702
2021-12-07,3.583,3.584,3.585,3.579,2748416
2021-12-08,3.587,3.589,3.595,3.587,1864720
2021-12-09,3.578,3.575,3.58,3.571,2266604
2021-12-10,3.581,3.565,3.584,3.56,2727780
2021-12-13,3.586,3.585,3.593,3.582,2737756
2021-12-14,3.592,3.588,3.593,3.586,3049867
2021-12-15,3.562,3.552,3.563,3.55,2399835
2021-12-16,3.573,3.584,3.585,3.573,2026611
2021-12-17,3.615,3.629,3.632,3.614,2985706
2021-12-20,3.623,3.624,3.627,3.619,2667260
2021-12-21,3.602,3.599,3.605,3.595,2263900
2021-12-22,3.596,3.591,3.599,3.59,1762215
2021-12-23,3.62,3.627,3.632,3.62,1921079
2021-12-24,3.636,3.633,3.64,3.629,1929101
2021-12-27,3.636,3.63,3.636,3.628,1775218
2021-12-28,3.63,3.642,3.642,3.628,1614023
2021-12-29,3.619,3.625,3.629,3.618,1781135
2021-12-30,3.618,3.606,3.621,3.604,3544736
2021-12-31,3.647,3.643,3.648,3.639,2752901
2022-01-04,3.618,3.62,3.623,3.615,1630676
2022-01-05,3.632,3.635,3.643,3.632,1435671
2022-01-06,3.627,3.614,3.631,3.607,1620473
2022-01-07,3.598,3.592,3.601,3.59,1206214
2022-01-10,3.6,3.599,3.607,3.599,1392848
2022-01-11,3.626,3.629,3.633,3.623,1241477
2022-01-12,3.649,3.646,3.65,3.644,1223011
2022-01-13,3.651,3.654,3.658,3.649,1339971
2022-01-14,3.647,3.65,3.656,3.646,989954
2022-01-17,3.635,3.635,3.636,3.626,1492438
2022-01-18,3.641,3.629,3.641,3.625,1334729
2022-01-19,3.627,3.625,3.628,3.62,1629652
2022-01-20,3.678,3.674,3.682,3.668,1773274
2022-01-21,3.669,3.672,3.677,3.667,1942829
2022-01-24,3.66,3.662,3.665,3.655,2177554
2022-01-25,3.669,3.671,3.674,3.666,2048523
2022-01-26,3.675,3.674,3.68,3.674,1318951
2022-01-27,3.622,3.606,3.624,3.604,1652633
2022-01-28,3.592,3.594,3.596,3.591,989042
2022-02-07,3.62,3.62,3.623,3.612,1166372
2022-02-08,3.639,3.641,3.648,3.637,1619888
2022-02-09,3.653,3.658,3.659,3.652,1517993
2022-02-10,3.668,3.665,3.67,3.664,836700
2022-02-11,3.654,3.645,3.654,3.642,1686171
2022-02-14,3.714,3.705,3.718,3.701,1856703
2022-02-15,3.73,3.742,3.746,3.73,2323026
2022-02-16,3.694,3.692,3.694,3.682,2251825
2022-02-17,3.712,3.726,3.732,3.712,2851444
2022-02-18,3.771,3.76,3.771,3.752,2450700
2022-02-21,3.763,3.754,3.768,3.752,2150872
2022-02-22,3.792,3.801,3.805,3.789,2414226
2022-02-23,3.783,3.772,3.783,3.767,2984169
2022-02-24,3.795,3.853,3.866,3.794,3642235
2022-02-25,3.8,3.807,3.809,3.766,2343367
2022-02-28,3.798,3.787,3.8,3.783,1591466
2022-03-01,3.777,3.786,3.788,3.771,2321150
2022-03-02,3.826,3.837,3.845,3.825,3207056
2022-03-03,3.83,3.827,3.831,3.817,3146084
2022-03-04,3.85,3.841,3.853,3.832,2831830
2022-03-07,3.937,3.926,3.956,3.913,3418224
2022-03-08,3.927,4.015,4.019,3.917,3864797
2022-03-09,4.046,4.061,4.077,4.036,3672586
2022-03-10,3.89,3.931,3.941,3.89,3140227
2022-03-11,3.945,3.937,3.961,3.928,1817799
2022-03-14,3.921,3.917,3.932,3.913,1884263
2022-03-15,3.878,3.832,3.878,3.822,2566180
2022-03-16,3.824,3.796,3.825,3.792,2974817
2022-03-17,3.83,3.845,3.85,3.829,2114112
2022-03-18,3.86,3.851,3.866,3.842,1165144
2022-03-21,3.839,3.841,3.852,3.834,1710042
2022-03-22,3.854,3.866,3.874,3.852,2232657
2022-03-23,3.841,3.835,3.85,3.832,3748458
2022-03-24,3.885,3.88,3.889,3.876,1808560
2022-03-25,3.912,3.907,3.919,3.902,2358749
2022-03-28,3.906,3.872,3.907,3.868,2377846
2022-03-29,3.86,3.849,3.86,3.844,2499570
2022-03-30,3.84,3.839,3.846,3.835,1931772
2022-03-31,3.843,3.833,3.843,3.818,1760165
2022-04-01,3.85,3.853,3.863,3.85,1635855
2022-04-06,3.842,3.836,3.85,3.834,1662257
2022-04-07,3.838,3.843,3.846,3.834,1680920
2022-04-08,3.858,3.852,3.861,3.848,1739329
2022-04-11,3.885,3.886,3.892,3.88,1962754
2022-04-12,3.901,3.908,3.915,3.9,2198342
2022-04-13,3.914,3.926,3.931,3.914,1843444
2022-04-14,3.94,3.931,3.944,3.927,1759015
2022-04-15,3.938,3.944,3.949,3.938,1510363
2022-04-18,3.963,3.967,3.969,3.955,1379617
2022-04-19,3.939,3.936,3.945,3.932,1041238
2022-04-20,3.897,3.886,3.901,3.88,1731601
2022-04-21,3.921,3.937,3.939,3.918,1735645
2022-04-22,3.941,3.951,3.954,3.939,2537709
2022-04-25,3.924,3.924,3.941,3.914,3711258
2022-04-26,3.896,3.89,3.9,3.877,2545651
2022-04-27,3.899,3.892,3.902,3.889,3305413
2022-04-28,3.871,3.89,3.891,3.864,2802400
2022-04-29,3.937,3.942,3.955,3.93,2399953
2022-05-05,3.926,3.929,3.935,3.921,1923144
2022-05-06,3.9,3.922,3.927,3.898,2100592
2022-05-09,3.942,3.939,3.945,3.937,1584909
2022-05-10,3.919,3.91,3.924,3.908,1790233
2022-05-11,3.873,3.89,3.893,3.869,2015524
2022-05-12,3.919,3.928,3.934,3.919,1868900
2022-05-13,3.886,3.888,3.896,3.881,1841645
2022-05-16,3.877,3.851,3.88,3.845,2003483
2022-05-17,3.872,3.877,3.882,3.868,2109311
2022-05-18,3.841,3.836,3.844,3.834,1913040
2022-05-19,3.852,3.85,3.858,3.849,1583534
2022-05-20,3.87,3.872,3.88,3.87,1810470
2022-05-23,3.875,3.875,3.891,3.872,1612975
2022-05-24,3.872,3.882,3.885,3.869,1556900
2022-05-25,3.892,3.887,3.897,3.886,1193098
2022-05-26,3.888,3.901,3.902,3.888,1294152
2022-05-27,3.913,3.917,3.918,3.91,1747199
2022-05-30,3.893,3.885,3.893,3.884,2185205
2022-05-31,3.873,3.877,3.877,3.867,1358813
2022-06-01,3.846,3.852,3.857,3.846,1189639
2022-06-02,3.876,3.877,3.884,3.873,1347818
2022-06-06,3.867,3.869,3.875,3.863,1177239
2022-06-07,3.85,3.854,3.856,3.848,1505085
2022-06-08,3.87,3.872,3.874,3.868,1284562
2022-06-09,3.891,3.881,3.895,3.877,1801254
2022-06-10,3.87,3.865,3.879,3.863,1888744
2022-06-13,3.94,3.926,3.942,3.924,3172750
2022-06-14,3.865,3.855,3.866,3.85,2558502
2022-06-15,3.832,3.834,3.838,3.827,4300535
2022-06-16,3.843,3.846,3.851,3.841,1915174
2022-06-17,3.869,3.874,3.877,3.868,1894966
2022-06-20,3.868,3.858,3.869,3.856,1839260
2022-06-21,3.859,3.852,3.86,3.85,1686999
2022-06-22,3.847,3.849,3.853,3.845,1611282
2022-06-23,3.859,3.854,3.861,3.851,1359358
2022-06-24,3.822,3.827,3.834,3.821,1713976
2022-06-27,3.842,3.853,3.854,3.841,1451015
2022-06-28,3.835,3.832,3.838,3.83,2382353
2022-06-29,3.83,3.821,3.835,3.82,2448460
2022-06-30,3.827,3.818,3.828,3.813,1522171
2022-07-01,3.798,3.784,3.799,3.779,2643395
2022-07-04,3.794,3.801,3.81,3.793,1792168
2022-07-05,3.799,3.797,3.802,3.795,1571481
2022-07-06,3.733,3.725,3.733,3.714,1797208
2022-07-07,3.68,3.676,3.68,3.663,2164598
2022-07-08,3.67,3.669,3.672,3.663,2934026
2022-07-11,3.665,3.669,3.672,3.662,1242992
2022-07-12,3.654,3.668,3.692,3.653,1931396
2022-07-13,3.654,3.646,3.66,3.642,2138413
2022-07-14,3.659,3.647,3.663,3.646,1642496
2022-07-15,3.635,3.622,3.639,3.615,1841457
2022-07-18,3.636,3.635,3.641,3.631,1928586
2022-07-19,3.623,3.627,3.631,3.619,1602331
2022-07-20,3.628,3.628,3.637,3.626,1319006
2022-07-21,3.605,3.599,3.607,3.596,2143745
2022-07-22,3.647,3.65,3.652,3.642,1331385
2022-07-25,3.656,3.663,3.668,3.654,1449639
2022-07-26,3.663,3.668,3.67,3.66,1385644
2022-07-27,3.66,3.659,3.662,3.654,1369571
2022-07-28,3.691,3.697,3.698,3.679,2533158
2022-07-29,3.724,3.749,3.753,3.721,1912018
2022-08-01,3.747,3.743,3.752,3.736,2033930
2022-08-02,3.79,3.773,3.791,3.769,3157224
2022-08-03,3.741,3.759,3.76,3.733,2261602
2022-08-04,3.752,3.76,3.768,3.75,2102099
2022-08-05,3.789,3.79,3.794,3.785,1585386
2022-08-08,3.761,3.769,3.772,3.761,1377130
2022-08-09,3.786,3.786,3.792,3.784,1077167
2022-08-10,3.797,3.794,3.808,3.793,1438636
2022-08-11,3.784,3.777,3.786,3.772,1462164
2022-08-12,3.783,3.795,3.796,3.782,1045515
2022-08-15,3.806,3.799,3.812,3.798,2962054
2022-08-16,3.789,3.796,3.797,3.786,2689646
2022-08-17,3.783,3.779,3.79,3.778,2509234
2022-08-18,3.762,3.761,3.767,3.759,1097438
2022-08-19,3.756,3.761,3.762,3.753,1262420
2022-08-22,3.753,3.753,3.757,3.75,984786
2022-08-23,3.76,3.763,3.768,3.757,917859
2022-08-24,3.774,3.787,3.801,3.773,1449768
2022-08-25,3.795,3.797,3.8,3.793,1606223
2022-08-26,3.795,3.798,3.801,3.787,1767408
2022-08-29,3.755,3.767,3.77,3.755,1560369
2022-08-30,3.784,3.783,3.795,3.782,1431436
2022-08-31,3.769,3.758,3.769,3.757,1423138
2022-09-01,3.737,3.73,3.739,3.724,1623157
2022-09-02,3.72,3.726,3.729,3.717,1792257
2022-09-05,3.75,3.765,3.77,3.749,1880724
2022-09-06,3.776,3.784,3.786,3.771,1549420
2022-09-07,3.754,3.759,3.765,3.751,2109657
2022-09-08,3.786,3.79,3.792,3.782,3136984
2022-09-09,3.78,3.785,3.786,3.777,2626403
2022-09-13,3.782,3.787,3.792,3.781,2609433
2022-09-14,3.766,3.76,3.767,3.757,2792386
2022-09-15,3.752,3.744,3.757,3.742,2168867
2022-09-16,3.728,3.728,3.738,3.726,2527207
2022-09-19,3.738,3.741,3.748,3.736,2132585
2022-09-20,3.759,3.754,3.762,3.75,2294001
2022-09-21,3.75,3.759,3.766,3.745,2041233
2022-09-22,3.752,3.753,3.757,3.75,1989538
2022-09-23,3.769,3.77,3.774,3.767,2348530
2022-09-26,3.738,3.736,3.743,3.729,2223950
2022-09-27,3.732,3.746,3.746,3.73,1670627
2022-09-28,3.743,3.751,3.757,3.743,2276189
2022-09-29,3.779,3.78,3.785,3.765,2504538
2022-09-30,3.781,3.783,3.786,3.775,2178347
2022-10-10,3.833,3.81,3.836,3.808,2374539
2022-10-11,3.804,3.802,3.809,3.801,2720122
2022-10-12,3.802,3.812,3.812,3.798,2023731
2022-10-13,3.814,3.817,3.818,3.813,1782662
2022-10-14,3.804,3.813,3.816,3.8,2304258
2022-10-17,3.8,3.792,3.801,3.789,1839205
2022-10-18,3.796,3.802,3.812,3.795,2123175
2022-10-19,3.799,3.793,3.805,3.791,2429931
2022-10-20,3.775,3.775,3.787,3.773,2927831
2022-10-21,3.779,3.771,3.784,3.766,2712649
2022-10-24,3.815,3.82,3.823,3.812,2677132
2022-10-25,3.832,3.827,3.834,3.827,2819994
2022-10-26,3.827,3.824,3.831,3.823,3142259
2022-10-27,3.814,3.817,3.822,3.809,4520846
2022-10-28,3.822,3.82,3.829,3.818,5349031
2022-10-31,3.807,3.807,3.809,3.797,3402004
2022-11-01,3.808,3.81,3.814,3.8,3612840
2022-11-02,3.816,3.817,3.831,3.816,3976234
2022-11-03,3.807,3.805,3.812,3.805,3936139
2022-11-04,3.805,3.804,3.81,3.801,3592024
2022-11-07,3.834,3.832,3.838,3.826,4499140
2022-11-08,3.834,3.839,3.846,3.832,4631576
2022-11-09,3.903,3.945,3.985,3.903,4175751
2022-11-10,3.937,3.925,3.937,3.918,3912117
2022-11-11,3.977,3.952,3.981,3.95,3912963
2022-11-14,3.948,3.913,3.948,3.912,3459017
2022-11-15,3.927,3.933,3.94,3.927,3160568
2022-11-16,3.944,3.954,3.959,3.944,3661837
2022-11-17,3.954,3.958,3.965,3.95,3082248
2022-11-18,3.953,3.952,3.964,3.949,3333086
2022-11-21,3.929,3.936,3.937,3.921,3239313
2022-11-22,3.936,3.932,3.94,3.928,3135089
2022-11-23,3.93,3.932,3.933,3.927,2802763
2022-11-24,3.955,3.947,3.958,3.947,3653396
2022-11-25,3.96,3.959,3.966,3.955,3016361
2022-11-28,3.974,3.962,3.977,3.958,2479366
2022-11-29,3.95,3.951,3.959,3.946,2867953
2022-11-30,3.945,3.944,3.947,3.938,3336461
2022-12-01,3.945,3.956,3.958,3.939,2810141
2022-12-02,3.976,3.979,3.982,3.972,2463748
2022-12-05,3.968,3.94,3.969,3.938,2306051
2022-12-06,3.905,3.898,3.906,3.894,3102956
2022-12-07,3.9,3.898,3.902,3.894,1704250
2022-12-08,3.907,3.91,3.913,3.904,2248015
2022-12-09,3.918,3.924,3.931,3.917,1522798
2022-12-12,3.933,3.921,3.934,3.918,1679307
2022-12-13,3.919,3.924,3.925,3.917,1362185
2022-12-14,3.965,3.963,3.968,3.956,2682576
2022-12-15,3.943,3.933,3.948,3.926,1608510
2022-12-16,3.91,3.915,3.917,3.904,1353519
2022-12-19,3.933,3.942,3.95,3.932,1367081
2022-12-20,3.936,3.943,3.946,3.93,1811344
2022-12-21,3.991,3.981,3.991,3.973,1685828
2022-12-22,3.987,3.981,3.992,3.978,1485906
2022-12-23,3.952,3.948,3.957,3.942,1856560
2022-12-26,3.95,3.953,3.957,3.95,2430203
2022-12-27,3.951,3.963,3.964,3.945,1736663
2022-12-28,3.978,3.966,3.985,3.964,1565250
2022-12-29,3.97,3.96,3.974,3.96,1237085
2022-12-30,3.97,3.986,3.987,3.97,1357129
2023-01-03,3.983,3.987,3.987,3.972,1553974
2023-01-04,4.0,4.002,4.006,3.998,1641489
2023-01-05,4.016,4.001,4.024,3.999,2032366
2023-01-06,3.97,3.972,3.978,3.969,1770235
2023-01-09,4.016,4.015,4.022,4.014,2146123
2023-01-10,4.003,4.013,4.015,4.003,1618607
2023-01-11,4.017,4.025,4.027,4.013,1942679
2023-01-12,4.013,4.019,4.023,4.008,2193260
2023-01-13,4.024,4.027,4.029,4.022,1360516
2023-01-16,4.058,4.05,4.068,4.047,2027292
2023-01-17,4.07,4.066,4.073,4.062,1761608
2023-01-18,4.07,4.056,4.073,4.044,1631589
2023-01-19,4.051,4.068,4.072,4.051,1263505
2023-01-20,4.1,4.101,4.112,4.09,1505260
2023-01-30,4.09,4.096,4.099,4.083,2395664
2023-01-31,4.087,4.069,4.091,4.065,1868891
2023-02-01,4.084,4.091,4.094,4.084,1507587
2023-02-02,4.124,4.125,4.13,4.122,1671823
2023-02-03,4.079,4.071,4.079,4.068,1352888
2023-02-06,4.021,4.018,4.03,4.012,1937851
2023-02-07,4.01,4.01,4.018,4.009,1563596
2023-02-08,4.01,4.01,4.014,4.007,1064615
2023-02-09,4.01,4.019,4.021,4.008,1653830
2023-02-10,3.997,3.993,3.997,3.985,2045134
2023-02-13,4.03,4.018,4.031,4.005,1870268
2023-02-14,3.999,4.015,4.017,3.998,1379018
2023-02-15,4.017,4.002,4.023,3.999,1638482
2023-02-16,3.995,4.001,4.003,3.995,1465163
2023-02-17,3.999,3.992,4.001,3.988,1960601
2023-02-20,4.008,4.01,4.015,4.008,1615057
2023-02-21,4.01,4.005,4.013,4.004,1735104
2023-02-22,4.011,4.017,4.018,4.011,1326886
2023-02-23,4.007,4.008,4.009,4.003,1373316
2023-02-24,4.013,4.021,4.025,4.013,1788165
2023-02-27,4.02,4.01,4.02,4.009,1688177
2023-02-28,4.017,4.015,4.02,4.013,1296438
2023-03-01,4.029,4.029,4.031,4.024,1975701
2023-03-02,4.02,4.026,4.027,4.017,2039634
2023-03-03,4.038,4.044,4.045,4.035,1733391
2023-03-06,4.063,4.071,4.074,4.063,1782536
2023-03-07,4.072,4.076,4.079,4.068,2425241
2023-03-08,4.032,4.033,4.037,4.029,1818144
2023-03-09,4.032,4.033,4.038,4.031,1554996
2023-03-10,4.059,4.061,4.062,4.051,2490498
2023-03-13,4.106,4.089,4.118,4.088,2759247
2023-03-14,4.125,4.142,4.143,4.123,2360360
2023-03-15,4.14,4.139,4.142,4.132,2112961
2023-03-16,4.168,4.174,4.184,4.16,3211268
2023-03-17,4.178,4.198,4.201,4.175,2935018
2023-03-20,4.269,4.327,4.335,4.268,3967459
2023-03-21,4.32,4.286,4.32,4.283,2540763
2023-03-22,4.226,4.223,4.228,4.211,2652720
2023-03-23,4.259,4.253,4.261,4.245,3159811
2023-03-24,4.28,4.275,4.286,4.265,2800002
2023-03-27,4.267,4.246,4.267,4.244,1813976
2023-03-28,4.233,4.225,4.238,4.221,2204840
2023-03-29,4.248,4.24,4.257,4.238,2556880
2023-03-30,4.241,4.248,4.251,4.237,2929775
2023-03-31,4.262,4.281,4.282,4.258,2672387
2023-04-03,4.27,4.221,4.27,4.213,1666835
2023-04-04,4.26,4.269,4.273,4.256,1499790
2023-04-06,4.329,4.33,4.337,4.321,1959129
2023-04-07,4.324,4.328,4.329,4.322,2179542
2023-04-10,4.301,4.287,4.302,4.276,1296929
2023-04-11,4.283,4.311,4.311,4.283,1325364
2023-04-12,4.327,4.341,4.358,4.327,1617576
2023-04-13,4.335,4.346,4.348,4.333,913320
2023-04-14,4.382,4.366,4.383,4.354,1428803
2023-04-17,4.297,4.324,4.328,4.28,1541803
2023-04-18,4.301,4.305,4.307,4.292,933600
2023-04-19,4.314,4.297,4.319,4.292,1277889
2023-04-20,4.298,4.308,4.312,4.294,1347437
2023-04-21,4.313,4.288,4.319,4.28,1383814
2023-04-24,4.29,4.277,4.29,4.276,2409575
2023-04-25,4.31,4.316,4.318,4.305,1332210
2023-04-26,4.328,4.323,4.334,4.316,1594788
2023-04-27,4.322,4.333,4.334,4.318,1677551
2023-04-28,4.3,4.298,4.309,4.292,1657865
2023-05-04,4.41,4.395,4.412,4.388,1695906
2023-05-05,4.416,4.415,4.426,4.412,1305668
2023-05-08,4.358,4.368,4.368,4.352,1542978
2023-05-09,4.371,4.377,4.388,4.369,1401394
2023-05-10,4.393,4.398,4.399,4.387,1129638
2023-05-11,4.403,4.394,4.408,4.393,1236379
2023-05-12,4.38,4.365,4.38,4.354,1580687
2023-05-15,4.382,4.382,4.393,4.379,1707571
2023-05-16,4.385,4.369,4.389,4.361,1621136
2023-05-17,4.352,4.353,4.357,4.347,1461091
2023-05-18,4.347,4.345,4.35,4.342,1790484
2023-05-19,4.327,4.33,4.332,4.32,1835249
2023-05-22,4.351,4.347,4.357,4.341,1441925
2023-05-23,4.339,4.33,4.34,4.327,1117741
2023-05-24,4.363,4.352,4.365,4.351,1500937
2023-05-25,4.327,4.335,4.342,4.326,1254946
2023-05-26,4.317,4.31,4.317,4.305,933816
2023-05-29,4.31,4.314,4.315,4.306,1316252
2023-05-30,4.31,4.3,4.316,4.295,1301528
2023-05-31,4.341,4.365,4.368,4.339,2648699
2023-06-01,4.373,4.362,4.373,4.358,1130594
2023-06-02,4.382,4.375,4.386,4.37,1189437
2023-06-05,4.33,4.324,4.332,4.321,1310870
2023-06-06,4.357,4.357,4.362,4.354,1416825
2023-06-07,4.368,4.363,4.372,4.361,1085582
2023-06-08,4.341,4.338,4.347,4.333,1344291
2023-06-09,4.366,4.375,4.377,4.366,1167539
2023-06-12,4.368,4.378,4.379,4.363,1346918
2023-06-13,4.383,4.388,4.392,4.38,944530
2023-06-14,4.362,4.363,4.369,4.36,1040453
2023-06-15,4.348,4.329,4.348,4.328,1373437
2023-06-16,4.36,4.359,4.37,4.358,1354487
2023-06-19,4.365,4.366,4.37,4.361,1373054
2023-06-20,4.368,4.374,4.376,4.359,1607613
2023-06-21,4.36,4.356,4.363,4.349,1336542
2023-06-26,4.353,4.354,4.356,4.346,2399501
2023-06-27,4.358,4.35,4.363,4.345,2522402
2023-06-28,4.33,4.335,4.338,4.329,1668706
2023-06-29,4.335,4.343,4.346,4.335,1634575
2023-06-30,4.35,4.349,4.36,4.348,1038184
2023-07-03,4.364,4.358,4.366,4.353,1146066
2023-07-04,4.358,4.364,4.368,4.358,654545
2023-07-05,4.366,4.367,4.369,4.363,849741
2023-07-06,4.365,4.365,4.369,4.361,774747
2023-07-07,4.345,4.359,4.361,4.345,698896
2023-07-10,4.367,4.37,4.374,4.365,664090
2023-07-11,4.37,4.374,4.378,4.361,847132
2023-07-12,4.375,4.371,4.38,4.368,1479949
2023-07-13,4.407,4.408,4.413,4.396,2367062
2023-07-14,4.399,4.388,4.402,4.383,1001557
2023-07-17,4.394,4.406,4.41,4.394,622135
2023-07-18,4.41,4.422,4.422,4.408,772205
2023-07-19,4.463,4.473,4.482,4.461,1189588
2023-07-20,4.477,4.47,4.478,4.461,3057702
2023-07-21,4.443,4.453,4.465,4.442,1210775
2023-07-24,4.45,4.442,4.45,4.436,676310
2023-07-25,4.426,4.42,4.43,4.418,870437
2023-07-26,4.425,4.439,4.44,4.425,1172544
2023-07-27,4.439,4.448,4.453,4.436,931634
2023-07-28,4.421,4.404,4.421,4.402,1870393
2023-07-31,4.408,4.409,4.412,4.401,873968
2023-08-01,4.423,4.426,4.43,4.423,697486
2023-08-02,4.414,4.425,4.427,4.412,593346
2023-08-03,4.41,4.406,4.41,4.404,1192692
2023-08-04,4.389,4.401,4.405,4.389,1192367
2023-08-07,4.416,4.41,4.422,4.406,715514
2023-08-08,4.41,4.414,4.418,4.409,611914
2023-08-09,4.412,4.411,4.415,4.406,483047
2023-08-10,4.395,4.396,4.398,4.393,1099216
2023-08-11,4.401,4.415,4.416,4.401,835444
2023-08-14,4.415,4.421,4.424,4.413,852505
2023-08-15,4.421,4.431,4.433,4.415,1114209
2023-08-16,4.433,4.433,4.443,4.431,1153409
2023-08-17,4.422,4.429,4.438,4.419,1167134
2023-08-18,4.417,4.421,4.426,4.415,1018843
2023-08-21,4.422,4.438,4.442,4.422,1052598
2023-08-22,4.434,4.431,4.434,4.425,1046872
2023-08-23,4.44,4.452,4.455,4.438,1197943
2023-08-24,4.461,4.464,4.467,4.458,1850275
2023-08-25,4.452,4.448,4.458,4.447,1745032
2023-08-28,4.438,4.45,4.453,4.43,1323128
2023-08-29,4.459,4.462,4.469,4.458,880214
2023-08-30,4.477,4.477,4.484,4.472,2043059
2023-08-31,4.488,4.494,4.495,4.488,890051
2023-09-01,4.472,4.489,4.492,4.472,1137975
2023-09-04,4.491,4.506,4.516,4.491,1176209
2023-09-05,4.501,4.508,4.516,4.498,1440947
2023-09-06,4.504,4.505,4.513,4.504,1217337
2023-09-07,4.505,4.504,4.511,4.503,604055
2023-09-08,4.531,4.536,4.537,4.529,1761309
2023-09-11,4.534,4.545,4.554,4.53,2385891
2023-09-12,4.542,4.546,4.547,4.537,1408487
2023-09-13,4.546,4.557,4.566,4.545,1963164
2023-09-14,4.566,4.592,4.606,4.566,2476391
2023-09-15,4.636,4.548,4.638,4.52,3283248
2023-09-18,4.545,4.524,4.545,4.515,3509965
2023-09-19,4.536,4.559,4.563,4.536,1825575
2023-09-20,4.574,4.594,4.596,4.573,2268622
2023-09-21,4.594,4.58,4.602,4.579,1585918
2023-09-22,4.587,4.561,4.597,4.548,2036046
2023-09-25,4.555,4.581,4.584,4.554,1852341
2023-09-26,4.58,4.578,4.59,4.574,1095671
2023-09-27,4.565,4.511,4.573,4.501,1888958
2023-09-28,4.463,4.436,4.477,4.4,2856375
2023-10-09,4.4,4.405,4.409,4.391,1913610
2023-10-10,4.4,4.348,4.4,4.343,2343047
2023-10-11,4.352,4.355,4.356,4.343,1146066
2023-10-12,4.368,4.39,4.391,4.368,1565064
2023-10-13,4.385,4.405,4.407,4.381,1447800
2023-10-16,4.479,4.46,4.48,4.459,1500286
2023-10-17,4.476,4.48,4.481,4.468,1094740
2023-10-18,4.5,4.523,4.524,4.5,1381627
2023-10-19,4.549,4.547,4.551,4.538,1231199
2023-10-20,4.591,4.597,4.605,4.591,1491818
2023-10-23,4.57,4.572,4.591,4.568,2186384
2023-10-24,4.574,4.575,4.578,4.565,1630766
2023-10-25,4.568,4.557,4.574,4.556,1895141
2023-10-26,4.584,4.59,4.59,4.581,1355634
2023-10-27,4.59,4.599,4.605,4.585,1650797
2023-10-30,4.635,4.609,4.642,4.606,1615587
2023-10-31,4.617,4.62,4.623,4.611,1259773
2023-11-01,4.596,4.603,4.607,4.595,1003798
2023-11-02,4.617,4.613,4.617,4.605,858569
2023-11-03,4.605,4.61,4.612,4.598,981187
2023-11-06,4.607,4.587,4.614,4.581,1895397
2023-11-07,4.573,4.569,4.579,4.567,1500225
2023-11-08,4.561,4.551,4.561,4.543,1520526
2023-11-09,4.534,4.521,4.535,4.518,3325925
2023-11-10,4.543,4.554,4.555,4.54,1040608
2023-11-13,4.523,4.538,4.539,4.522,1068623
2023-11-14,4.55,4.558,4.56,4.543,1301857
2023-11-15,4.563,4.577,4.58,4.563,1556913
2023-11-16,4.566,4.559,4.569,4.554,1255004
2023-11-17,4.578,4.572,4.582,4.571,1997136
2023-11-20,4.547,4.522,4.555,4.521,1122687
2023-11-21,4.516,4.516,4.52,4.511,758092
2023-11-22,4.523,4.499,4.527,4.492,1640670
2023-11-23,4.498,4.495,4.499,4.488,871487
2023-11-24,4.494,4.499,4.5,4.49,807491
2023-11-27,4.531,4.546,4.549,4.531,1510568
2023-11-28,4.553,4.56,4.564,4.552,1175390
2023-11-29,4.6,4.591,4.609,4.59,1482738
2023-11-30,4.596,4.589,4.6,4.586,1376378
2023-12-01,4.589,4.589,4.597,4.582,1258480
2023-12-04,4.668,4.643,4.675,4.638,2066796
2023-12-05,4.58,4.58,4.589,4.574,1488803
2023-12-06,4.575,4.578,4.579,4.563,1469918
2023-12-07,4.585,4.584,4.588,4.577,1035174
2023-12-08,4.586,4.591,4.594,4.585,968719
2023-12-11,4.547,4.557,4.586,4.546,1171410
2023-12-12,4.543,4.539,4.544,4.521,1487131
2023-12-13,4.533,4.529,4.542,4.524,1061914
2023-12-14,4.59,4.598,4.612,4.587,1443396
2023-12-15,4.59,4.59,4.594,4.585,823934
2023-12-18,4.575,4.576,4.585,4.571,1957261
2023-12-19,4.584,4.589,4.59,4.584,1233614
2023-12-20,4.596,4.604,4.612,4.596,1750011
2023-12-21,4.595,4.605,4.609,4.595,1606797
2023-12-22,4.626,4.627,4.641,4.623,2508378
2023-12-25,4.631,4.634,4.643,4.628,2250882
2023-12-26,4.638,4.647,4.648,4.634,1549550
2023-12-27,4.65,4.66,4.664,4.649,1802493
2023-12-28,4.681,4.662,4.687,4.658,2469294
2023-12-29,4.638,4.648,4.649,4.626,2703765
2024-01-02,4.643,4.666,4.667,4.643,2062784
2024-01-03,4.658,4.663,4.666,4.655,1111962
2024-01-04,4.64,4.651,4.656,4.633,1149663
2024-01-05,4.659,4.664,4.665,4.656,1267497
2024-01-08,4.663,4.65,4.667,4.646,1161639
2024-01-09,4.651,4.649,4.654,4.642,848128
2024-01-10,4.647,4.631,4.653,4.628,1615040
2024-01-11,4.632,4.631,4.637,4.627,976424
2024-01-12,4.637,4.646,4.648,4.633,1103102
2024-01-15,4.664,4.673,4.676,4.664,964553
2024-01-16,4.674,4.677,4.68,4.668,832432
2024-01-17,4.661,4.631,4.662,4.628,1055515
2024-01-18,4.624,4.616,4.627,4.613,1250719
2024-01-19,4.636,4.643,4.643,4.635,870581
2024-01-22,4.646,4.625,4.652,4.624,906883
2024-01-23,4.623,4.632,4.632,4.609,1042699
2024-01-24,4.63,4.626,4.63,4.624,673747
2024-01-25,4.607,4.605,4.612,4.602,1102489
2024-01-26,4.623,4.625,4.627,4.618,756760
2024-01-29,4.636,4.634,4.638,4.632,803554
2024-01-30,4.641,4.647,4.652,4.638,879719
2024-01-31,4.654,4.653,4.656,4.648,1367351
2024-02-01,4.652,4.668,4.67,4.652,1195280
2024-02-02,4.671,4.679,4.679,4.671,939806
2024-02-05,4.659,4.643,4.666,4.638,1448549
2024-02-06,4.641,4.633,4.642,4.633,857482
2024-02-07,4.649,4.642,4.651,4.639,1182408
2024-02-08,4.655,4.662,4.663,4.653,923975
2024-02-19,4.638,4.644,4.645,4.626,1302395
2024-02-20,4.645,4.642,4.647,4.637,537232
2024-02-21,4.648,4.642,4.65,4.641,830906
2024-02-22,4.639,4.639,4.641,4.633,1036637
2024-02-23,4.639,4.63,4.641,4.626,1007119
2024-02-26,4.647,4.651,4.652,4.647,691384
2024-02-27,4.647,4.646,4.651,4.646,589874
2024-02-28,4.647,4.645,4.648,4.642,638726
2024-02-29,4.65,4.647,4.652,4.645,664134
2024-03-01,4.659,4.667,4.668,4.659,869293
2024-03-04,4.726,4.725,4.733,4.72,1121867
2024-03-05,4.782,4.789,4.79,4.773,1520853
2024-03-06,4.804,4.824,4.824,4.803,1313545
2024-03-07,4.848,4.885,4.896,4.845,1716553
2024-03-08,4.885,4.881,4.885,4.865,1050007
2024-03-11,4.912,4.899,4.921,4.894,1380299
2024-03-12,4.901,4.879,4.906,4.875,1477876
2024-03-13,4.861,4.87,4.871,4.86,971193
2024-03-14,4.896,4.877,4.901,4.873,1143476
2024-03-15,4.879,4.899,4.9,4.876,800613
2024-03-18,4.879,4.86,4.879,4.857,970311
2024-03-19,4.877,4.87,4.884,4.863,722725
2024-03-20,4.878,4.88,4.882,4.877,487890
2024-03-21,4.97,4.978,4.979,4.961,1003699
2024-03-22,4.943,4.946,4.959,4.931,976804
2024-03-25,4.964,4.956,4.987,4.954,1165334
2024-03-26,4.959,4.966,4.97,4.956,970528
2024-03-27,4.977,4.99,4.992,4.977,1200666
2024-03-28,5.0,5.029,5.031,4.997,1276030
2024-03-29,5.1,5.126,5.137,5.085,2097015
2024-04-01,5.175,5.155,5.2,5.145,1960394
2024-04-02,5.137,5.159,5.163,5.13,1521359
2024-04-03,5.204,5.231,5.238,5.204,2199878
2024-04-08,5.289,5.354,5.427,5.289,4694739
2024-04-09,5.383,5.369,5.396,5.365,2340934
2024-04-10,5.38,5.388,5.405,5.375,2025717
2024-04-11,5.37,5.348,5.379,5.34,2428650
2024-04-12,5.456,5.504,5.506,5.455,2747128
2024-04-15,5.39,5.417,5.435,5.39,3214255
2024-04-16,5.471,5.452,5.496,5.438,3356552
2024-04-17,5.469,5.461,5.477,5.441,2381284
2024-04-18,5.421,5.445,5.447,5.4,2284805
2024-04-19,5.464,5.471,5.547,5.444,4431506
2024-04-22,5.447,5.364,5.45,5.357,3196573
2024-04-23,5.325,5.232,5.33,5.223,5095873
2024-04-24,5.281,5.287,5.301,5.263,3452005
2024-04-25,5.275,5.288,5.29,5.25,2832036
2024-04-26,5.29,5.329,5.334,5.29,2595143
2024-04-29,5.299,5.294,5.31,5.288,2265815
2024-04-30,5.296,5.286,5.3,5.271,1920943
2024-05-06,5.224,5.254,5.255,5.217,1766624
2024-05-07,5.278,5.268,5.286,5.261,1880533
2024-05-08,5.258,5.261,5.279,5.24,2357123
2024-05-09,5.252,5.25,5.265,5.242,2163457
2024-05-10,5.33,5.369,5.371,5.314,3037136
2024-05-13,5.34,5.337,5.358,5.33,2809580
2024-05-14,5.33,5.329,5.347,5.316,2649568
2024-05-15,5.36,5.37,5.375,5.358,2157842
2024-05-16,5.445,5.417,5.45,5.415,2585079
2024-05-17,5.406,5.416,5.418,5.397,2336818
2024-05-20,5.519,5.55,5.586,5.519,4070430
2024-05-21,5.549,5.481,5.549,5.471,3495102
2024-05-22,5.5,5.492,5.514,5.48,1887946
2024-05-23,5.38,5.366,5.386,5.341,3144944
2024-05-24,5.287,5.319,5.321,5.287,2277706
2024-05-27,5.323,5.338,5.353,5.323,2179564
2024-05-28,5.367,5.334,5.374,5.333,2159096
2024-05-29,5.368,5.37,5.384,5.359,2432939
2024-05-30,5.33,5.317,5.335,5.295,2361366
2024-05-31,5.334,5.343,5.343,5.318,1597626
2024-06-03,5.319,5.296,5.319,5.274,2198757
2024-06-04,5.34,5.346,5.355,5.333,2009475
2024-06-05,5.306,5.324,5.338,5.302,2036654
2024-06-06,5.396,5.398,5.421,5.387,2347283
2024-06-07,5.413,5.399,5.421,5.386,2569719
2024-06-11,5.25,5.237,5.259,5.224,3264085
2024-06-12,5.253,5.267,5.271,5.253,1724985
2024-06-13,5.261,5.269,5.27,5.246,1802420
2024-06-14,5.249,5.271,5.273,5.243,1889985
2024-06-17,5.302,5.279,5.306,5.275,1690694
2024-06-18,5.283,5.284,5.296,5.282,1711600
2024-06-19,5.301,5.305,5.306,5.296,1973012
2024-06-20,5.313,5.351,5.354,5.313,2822644
2024-06-21,5.383,5.376,5.393,5.374,2994478
2024-06-24,5.3,5.29,5.311,5.284,4959867
2024-06-25,5.3,5.302,5.303,5.292,2849134
2024-06-26,5.287,5.271,5.287,5.253,3337006
2024-06-27,5.236,5.242,5.245,5.231,2674882
2024-06-28,5.283,5.297,5.299,5.277,2758656
2024-07-01,5.297,5.299,5.303,5.281,1512313
2024-07-02,5.311,5.306,5.317,5.302,1563664
2024-07-03,5.31,5.34,5.342,5.304,2049719
2024-07-04,5.381,5.365,5.386,5.354,1988890
2024-07-05,5.365,5.381,5.382,5.363,2410574
2024-07-08,5.427,5.384,5.43,5.382,2655439
2024-07-09,5.365,5.362,5.372,5.36,2528560
2024-07-10,5.374,5.397,5.399,5.373,1794956
2024-07-11,5.397,5.417,5.422,5.393,2562810
2024-07-12,5.464,5.446,5.467,5.442,2196048
2024-07-15,5.452,5.442,5.467,5.441,2132755
2024-07-16,5.484,5.505,5.507,5.483,2370895
2024-07-17,5.599,5.576,5.615,5.553,3687441
2024-07-18,5.555,5.573,5.574,5.543,2554424
2024-07-19,5.458,5.425,5.471,5.406,3314023
2024-07-22,5.427,5.421,5.441,5.417,2586753
2024-07-23,5.43,5.394,5.44,5.382,2374834
2024-07-24,5.429,5.465,5.466,5.424,2455965
2024-07-25,5.388,5.327,5.388,5.32,3793147
2024-07-26,5.312,5.35,5.367,5.311,2451770
2024-07-29,5.395,5.387,5.399,5.378,1816319
2024-07-30,5.379,5.394,5.395,5.357,1624334
2024-07-31,5.41,5.436,5.455,5.405,2463792
2024-08-01,5.501,5.48,5.505,5.457,1997922
2024-08-02,5.475,5.505,5.506,5.471,3355712
2024-08-05,5.39,5.366,5.416,5.343,4896321
2024-08-06,5.35,5.327,5.362,5.305,2934869
2024-08-07,5.307,5.352,5.355,5.306,1952998
2024-08-08,5.345,5.349,5.355,5.328,1431536
2024-08-09,5.406,5.396,5.414,5.379,1807812
2024-08-12,5.41,5.437,5.438,5.4,1313929
2024-08-13,5.476,5.474,5.492,5.466,2110708
2024-08-14,5.473,5.456,5.474,5.427,3015716
2024-08-15,5.431,5.443,5.45,5.429,2847128
2024-08-16,5.465,5.453,5.466,5.441,2643497
2024-08-19,5.502,5.513,5.527,5.493,2691170
2024-08-20,5.512,5.513,5.519,5.5,2924114
2024-08-21,5.514,5.537,5.549,5.512,2518755
2024-08-22,5.535,5.523,5.536,5.508,1917315
2024-08-23,5.504,5.504,5.513,5.493,1350030
2024-08-26,5.526,5.538,5.539,5.52,1438301
2024-08-27,5.528,5.534,5.542,5.515,1494040
2024-08-28,5.545,5.528,5.548,5.518,1521641
2024-08-29,5.539,5.535,5.548,5.534,1726464
2024-08-30,5.528,5.522,5.543,5.51,2139259
2024-09-02,5.505,5.491,5.505,5.477,1696703
2024-09-03,5.486,5.501,5.504,5.482,1367565
2024-09-04,5.479,5.463,5.492,5.461,1308662
2024-09-05,5.483,5.502,5.504,5.477,1302138
2024-09-06,5.51,5.517,5.526,5.507,1512680
2024-09-09,5.485,5.477,5.5,5.468,1672809
2024-09-10,5.512,5.513,5.517,5.505,1037638
2024-09-11,5.536,5.542,5.545,5.526,1293446
2024-09-12,5.528,5.531,5.537,5.52,1428733
2024-09-13,5.613,5.611,5.623,5.604,2184940
2024-09-18,5.621,5.609,5.626,5.602,2925414
2024-09-19,5.591,5.6,5.611,5.578,2540863
2024-09-20,5.619,5.663,5.665,5.618,1713524
2024-09-23,5.685,5.711,5.725,5.684,2380928
2024-09-24,5.723,5.697,5.732,5.689,3231087
2024-09-25,5.724,5.74,5.771,5.724,2806564
2024-09-26,5.76,5.751,5.765,5.74,3061378
2024-09-27,5.751,5.708,5.764,5.698,1662631
2024-09-30,5.644,5.707,5.717,5.63,3992244
2024-10-08,5.682,5.714,5.757,5.681,4465460
2024-10-09,5.67,5.64,5.679,5.636,3691504
2024-10-10,5.647,5.676,5.678,5.642,1902586
2024-10-11,5.715,5.739,5.758,5.715,2579209
2024-10-14,5.77,5.799,5.806,5.751,3164053
2024-10-15,5.776,5.799,5.802,5.773,2712116
2024-10-16,5.853,5.884,5.886,5.837,4401832
2024-10-17,5.891,5.905,5.912,5.887,3566037
2024-10-18,5.961,5.945,5.984,5.91,5704443
2024-10-21,5.995,6.02,6.021,5.978,3822244
2024-10-22,6.018,6.018,6.027,6.004,2670721
2024-10-23,6.042,6.056,6.058,6.02,3546700
2024-10-24,6.0,5.995,6.005,5.958,3509821
2024-10-25,5.994,5.998,5.999,5.982,2800089
2024-10-28,5.986,6.017,6.03,5.985,2905284
2024-10-29,6.036,6.068,6.069,6.036,3164390
2024-10-30,6.111,6.14,6.146,6.104,3881150
2024-10-31,6.14,6.103,6.14,6.102,3637245
2024-11-01,6.017,6.051,6.068,6.017,3157902
2024-11-04,6.011,6.006,6.023,5.988,3206472
2024-11-05,6.003,6.006,6.008,5.967,3465225
2024-11-06,6.028,5.994,6.062,5.973,5310282
2024-11-07,5.865,5.86,5.881,5.857,4971911
2024-11-08,5.925,5.898,5.936,5.888,5441984
2024-11-11,5.901,5.905,5.91,5.889,2938955
2024-11-12,5.83,5.807,5.841,5.8,3613932
2024-11-13,5.805,5.796,5.814,5.795,2945700
2024-11-14,5.724,5.68,5.73,5.669,4360110
2024-11-15,5.711,5.683,5.712,5.667,4101363
2024-11-18,5.748,5.758,5.773,5.738,3807962
2024-11-19,5.811,5.858,5.86,5.809,4128956
2024-11-20,5.9,5.857,5.9,5.855,3933263
2024-11-21,5.914,5.933,5.934,5.909,3471025
2024-11-22,5.968,6.01,6.011,5.967,4794501
2024-11-25,6.009,5.916,6.013,5.893,7735648
2024-11-26,5.835,5.844,5.856,5.825,3675693
2024-11-27,5.86,5.899,5.904,5.856,3544560
2024-11-28,5.831,5.869,5.877,5.823,3513385
2024-11-29,5.879,5.923,5.927,5.878,3726694
2024-12-02,5.85,5.872,5.885,5.848,3002256
2024-12-03,5.917,5.931,5.942,5.911,2904022
2024-12-04,5.915,5.929,5.938,5.913,2169824
2024-12-05,5.937,5.927,5.943,5.923,2238436
2024-12-06,5.866,5.903,5.91,5.861,2917620
2024-12-09,5.941,5.936,5.946,5.925,2406329
2024-12-10,5.97,5.961,5.972,5.949,3022870
2024-12-11,6.028,6.011,6.03,5.977,3684896
2024-12-12,6.038,6.052,6.054,6.025,2850292
2024-12-13,6.016,6.001,6.018,5.991,2686424
2024-12-16,5.945,5.947,5.95,5.933,2513897
2024-12-17,5.957,5.94,5.97,5.936,2538572
2024-12-18,5.942,5.932,5.948,5.929,1835436
2024-12-19,5.867,5.885,5.906,5.867,3622339
2024-12-20,5.877,5.892,5.894,5.866,2433829
2024-12-23,5.919,5.951,5.953,5.918,2797678
2024-12-24,5.928,5.921,5.931,5.916,2279641
2024-12-25,5.932,5.936,5.939,5.929,1445139
2024-12-26,5.955,5.94,5.957,5.937,1837517
2024-12-27,5.95,5.945,5.952,5.939,1765068
2024-12-30,5.934,5.923,5.939,5.92,1660249
2024-12-31,5.914,5.928,5.932,5.9,1648335
2025-01-02,5.975,5.977,5.981,5.96,2330729
2025-01-03,6.02,6.029,6.034,6.012,2759129
2025-01-06,6.023,5.99,6.025,5.984,2980850
2025-01-07,5.992,6.0,6.009,5.987,2177729
2025-01-08,6.01,6.03,6.031,6.01,1604733
2025-01-09,6.038,6.065,6.066,6.032,1566054
2025-01-10,6.078,6.105,6.109,6.075,2414847
2025-01-13,6.105,6.12,6.133,6.104,3530893
2025-01-14,6.07,6.068,6.075,6.062,2869200
2025-01-15,6.075,6.102,6.109,6.07,2386864
2025-01-16,6.139,6.122,6.141,6.11,2413133
2025-01-17,6.146,6.139,6.162,6.136,2479820
2025-01-20,6.091,6.127,6.131,6.089,1982195
2025-01-21,6.102,6.127,6.131,6.102,1954421
2025-01-22,6.17,6.181,6.215,6.169,2967705
2025-01-23,6.183,6.187,6.194,6.18,1923679
2025-01-24,6.209,6.218,6.225,6.199,2274922
2025-01-27,6.218,6.202,6.218,6.181,2288187
2025-02-05,6.4,6.439,6.441,6.385,3670161
2025-02-06,6.441,6.402,6.454,6.4,3053181
2025-02-07,6.43,6.42,6.435,6.414,2021942
2025-02-10,6.46,6.518,6.519,6.46,3156432
2025-02-11,6.628,6.584,6.645,6.531,6889828
2025-02-12,6.542,6.538,6.548,6.511,3426371
2025-02-13,6.564,6.57,6.587,6.559,2840252
2025-02-14,6.599,6.605,6.607,6.585,2466761
2025-02-17,6.477,6.494,6.505,6.47,3969727
2025-02-18,6.5,6.555,6.56,6.497,2928301
2025-02-19,6.595,6.598,6.624,6.576,3156105
2025-02-20,6.61,6.619,6.621,6.598,2082200
2025-02-21,6.608,6.568,6.608,6.544,4119839
2025-02-24,6.549,6.581,6.586,6.539,2466793
2025-02-25,6.605,6.582,6.611,6.575,2647299
2025-02-26,6.562,6.519,6.564,6.515,2949586
2025-02-27,6.533,6.492,6.541,6.484,3039010
2025-02-28,6.479,6.444,6.487,6.435,2808644
2025-03-03,6.445,6.451,6.455,6.435,2587499
2025-03-04,6.49,6.499,6.507,6.487,2657438
2025-03-05,6.523,6.547,6.551,6.521,2218841
2025-03-06,6.53,6.535,6.546,6.527,1876230
2025-03-07,6.506,6.526,6.529,6.503,2122387
2025-03-10,6.531,6.544,6.545,6.526,1681356
2025-03-11,6.491,6.505,6.506,6.488,2170708
2025-03-12,6.518,6.526,6.534,6.512,1335725
2025-03-13,6.573,6.575,6.583,6.57,1806218
2025-03-14,6.693,6.673,6.693,6.662,3370643
2025-03-17,6.674,6.677,6.678,6.659,2612271
2025-03-18,6.688,6.727,6.73,6.688,2476183
2025-03-19,6.757,6.8,6.806,6.754,3326467
2025-03-20,6.82,6.807,6.825,6.799,2885806
2025-03-21,6.808,6.774,6.81,6.762,2599056
2025-03-24,6.77,6.78,6.782,6.758,1528904
2025-03-25,6.758,6.774,6.778,6.751,1881733
2025-03-26,6.78,6.795,6.797,6.775,1928881
2025-03-27,6.797,6.812,6.817,6.791,2245290
2025-03-28,6.912,6.938,6.939,6.894,4236335
2025-03-31,6.942,7.012,7.045,6.942,6746864
2025-04-01,7.065,7.056,7.098,7.041,7182597
2025-04-02,7.07,7.029,7.083,7.019,4185809
2025-04-03,7.135,7.094,7.173,7.068,7260741
2025-04-07,6.801,6.877,7.06,6.8,12757845
2025-04-08,6.878,6.925,6.938,6.852,6236428
2025-04-09,6.89,7.012,7.02,6.888,7833600
2025-04-10,7.134,7.164,7.166,7.071,9312016
2025-04-11,7.34,7.273,7.34,7.225,9690465
2025-04-14,7.301,7.327,7.354,7.301,7882789
2025-04-15,7.327,7.325,7.334,7.315,4205902
2025-04-16,7.44,7.503,7.506,7.421,7498510
2025-04-17,7.655,7.565,7.66,7.541,10076525
2025-04-18,7.564,7.583,7.589,7.533,4780541
2025-04-21,7.684,7.724,7.727,7.677,7511946
2025-04-22,7.871,7.982,8.033,7.86,15195021
2025-04-23,7.759,7.5,7.759,7.486,25646888
2025-04-24,7.67,7.582,7.707,7.55,13034734
2025-04-25,7.641,7.53,7.656,7.486,9985943
2025-04-28,7.499,7.465,7.511,7.443,8073010
2025-04-29,7.561,7.517,7.586,7.485,6304713
2025-04-30,7.525,7.471,7.529,7.467,4372928
2025-05-06,7.596,7.612,7.659,7.57,9845270
2025-05-07,7.614,7.671,7.678,7.588,7518649
2025-05-08,7.679,7.557,7.732,7.538,11128511
2025-05-09,7.502,7.531,7.555,7.427,8873009
2025-05-12,7.341,7.376,7.399,7.341,6681992
2025-05-13,7.291,7.332,7.339,7.224,9052166
2025-05-14,7.309,7.277,7.322,7.265,5481793
2025-05-15,7.165,7.062,7.169,7.01,12901239
2025-05-16,7.195,7.177,7.204,7.157,8552748
2025-05-19,7.206,7.222,7.231,7.193,6332771
2025-05-20,7.217,7.209,7.238,7.196,4608628
2025-05-21,7.381,7.439,7.44,7.376,7543865
2025-05-22,7.478,7.45,7.505,7.448,7270548
2025-05-23,7.405,7.454,7.457,7.373,6059359
2025-05-26,7.438,7.425,7.472,7.423,4423087
2025-05-27,7.434,7.366,7.456,7.356,6034573
2025-05-28,7.369,7.375,7.389,7.341,3049976
2025-05-29,7.263,7.3,7.31,7.26,4232817
2025-05-30,7.39,7.369,7.391,7.335,3635737
2025-06-03,7.501,7.478,7.519,7.461,6061707
2025-06-04,7.488,7.474,7.503,7.459,4161572
2025-06-05,7.499,7.483,7.504,7.469,3385336
2025-06-06,7.477,7.481,7.492,7.469,3753551
2025-06-09,7.364,7.4,7.401,7.331,5058251
2025-06-10,7.366,7.405,7.42,7.353,5177959
2025-06-11,7.42,7.428,7.436,7.404,3606998
2025-06-12,7.505,7.497,7.512,7.474,3894631
2025-06-13,7.616,7.588,7.653,7.57,8880624
2025-06-16,7.629,7.563,7.634,7.548,6637312
2025-06-17,7.525,7.499,7.528,7.47,5031522
2025-06-18,7.499,7.503,7.527,7.476,3848653
2025-06-19,7.5,7.465,7.506,7.444,3668574
2025-06-20,7.46,7.436,7.464,7.423,3652503
2025-06-23,7.452,7.464,7.485,7.441,3685197
2025-06-24,7.431,7.372,7.44,7.354,5816473
2025-06-25,7.378,7.392,7.398,7.376,2847107
2025-06-26,7.39,7.405,7.406,7.385,2771479
2025-06-27,7.365,7.326,7.375,7.311,4558534
2025-06-30,7.3,7.314,7.321,7.274,3366574
2025-07-01,7.359,7.397,7.4,7.346,3478679
2025-07-02,7.395,7.394,7.418,7.384,2916548
2025-07-03,7.407,7.445,7.453,7.407,2959903
2025-07-04,7.4,7.407,7.413,7.376,2572291
2025-07-07,7.348,7.355,7.367,7.344,2817844
2025-07-08,7.397,7.398,7.406,7.389,2178996
2025-07-09,7.347,7.314,7.348,7.304,4255341
2025-07-10,7.371,7.371,7.38,7.358,3020038
2025-07-11,7.375,7.376,7.392,7.372,2616554
2025-07-14,7.426,7.44,7.445,7.413,2671885
2025-07-15,7.41,7.436,7.445,7.401,2689311
2025-07-16,7.394,7.402,7.407,7.378,2390714
2025-07-17,7.403,7.397,7.411,7.386,2083170
2025-07-18,7.394,7.403,7.407,7.391,1840285
2025-07-21,7.43,7.446,7.454,7.42,3004574
2025-07-22,7.483,7.474,7.489,7.47,3620034
2025-07-23,7.54,7.548,7.549,7.525,3141072
2025-07-24,7.459,7.424,7.461,7.415,4405109
2025-07-25,7.415,7.409,7.421,7.399,2547627
2025-07-28,7.382,7.388,7.398,7.367,2841433
2025-07-29,7.35,7.363,7.366,7.345,2631616
2025-07-30,7.387,7.377,7.389,7.367,2817736
2025-07-31,7.329,7.35,7.356,7.315,3041657
2025-08-01,7.343,7.352,7.366,7.331,1923996
2025-08-04,7.432,7.446,7.447,7.432,4261136
2025-08-05,7.481,7.455,7.486,7.454,3224587
2025-08-06,7.472,7.468,7.482,7.46,2661820
2025-08-07,7.471,7.484,7.488,7.459,3136422
2025-08-08,7.488,7.508,7.513,7.488,3380603
2025-08-11,7.452,7.429,7.46,7.423,3596888
2025-08-12,7.412,7.399,7.416,7.393,2814917
2025-08-13,7.395,7.415,7.416,7.394,2306006
2025-08-14,7.431,7.424,7.438,7.413,2287805
2025-08-15,7.384,7.401,7.41,7.381,2080440
2025-08-18,7.398,7.413,7.43,7.393,2281711
2025-08-19,7.386,7.391,7.4,7.386,1826993
2025-08-20,7.362,7.374,7.377,7.35,2049639
2025-08-21,7.403,7.394,7.408,7.387,2232927
2025-08-22,7.395,7.378,7.4,7.373,1949287
2025-08-25,7.419,7.427,7.43,7.417,2885724
2025-08-26,7.437,7.449,7.45,7.437,2935326
2025-08-27,7.461,7.45,7.461,7.444,2359129
2025-08-28,7.462,7.468,7.47,7.459,2231073
2025-08-29,7.48,7.486,7.488,7.478,2177647
2025-09-01,7.546,7.647,7.658,7.542,8445148
2025-09-02,7.75,7.67,7.75,7.663,6506048
2025-09-03,7.76,7.768,7.787,7.746,5354584
2025-09-04,7.795,7.75,7.795,7.694,5618614
2025-09-05,7.773,7.775,7.782,7.755,3441495
2025-09-08,7.811,7.847,7.848,7.808,4139098
2025-09-09,7.934,7.966,7.987,7.928,6959081
2025-09-10,7.906,7.947,7.953,7.898,3986089
2025-09-11,7.963,7.923,7.968,7.901,4109334
2025-09-12,7.932,7.954,7.966,7.932,3287668
2025-09-15,7.908,7.931,7.947,7.907,2852905
2025-09-16,8.007,8.032,8.034,7.988,3394976
2025-09-17,8.01,7.964,8.01,7.955,4282964
2025-09-18,7.901,7.862,7.949,7.859,5565626
2025-09-19,7.901,7.898,7.917,7.869,3237996
2025-09-22,8.005,8.048,8.058,7.984,4532519
2025-09-23,8.125,8.143,8.149,8.105,5115504
2025-09-24,8.141,8.19,8.204,8.123,4399011
2025-09-25,8.16,8.146,8.164,8.116,4441117
2025-09-26,8.15,8.16,8.183,8.147,3845481
2025-09-29,8.177,8.259,8.268,8.174,5329507
2025-09-30,8.324,8.339,8.388,8.324,6669569
2025-10-09,8.724,8.729,8.779,8.69,8014425
2025-10-10,8.637,8.602,8.651,8.586,6414709
2025-10-13,8.77,8.859,8.868,8.77,7739480
2025-10-14,9.1,8.976,9.377,8.878,16679605
2025-10-15,9.143,9.187,9.19,9.09,9193141
2025-10-16,9.23,9.244,9.288,9.198,10409159
2025-10-17,9.497,9.568,9.587,9.361,15863426
2025-10-20,9.308,9.268,9.367,9.25,12056985
2025-10-21,9.526,9.49,9.526,9.425,9995218
2025-10-22,8.986,9.101,9.106,8.95,14076692
2025-10-23,8.98,8.994,9.052,8.92,9320665
2025-10-24,9.048,8.95,9.053,8.933,7400821
2025-10-27,8.948,8.914,8.949,8.897,6754375
2025-10-28,8.79,8.597,8.79,8.591,10854757
2025-10-29,8.68,8.692,8.699,8.622,7999574
2025-10-30,8.635,8.704,8.706,8.559,10255273
2025-10-31,8.81,8.794,8.822,8.748,7719496
2025-11-03,8.743,8.797,8.801,8.737,4658113
2025-11-04,8.745,8.737,8.756,8.705,5311229
2025-11-05,8.654,8.706,8.732,8.641,4760923
2025-11-06,8.718,8.755,8.757,8.706,4094436
2025-11-07,8.769,8.793,8.798,8.755,4272647
2025-11-10,8.869,8.936,8.949,8.856,7585075
2025-11-11,9.138,9.062,9.138,9.049,8281066
2025-11-12,9.058,9.029,9.068,8.984,6587184
2025-11-13,9.157,9.175,9.184,9.134,6514008
2025-11-14,9.099,9.096,9.18,9.09,7161875
2025-11-17,8.922,8.882,8.969,8.842,8126694
2025-11-18,8.837,8.777,8.837,8.77,5836813
2025-11-19,8.89,8.954,8.968,8.873,6041360
2025-11-20,8.959,8.903,8.969,8.865,6337762
2025-11-21,8.888,8.828,8.921,8.824,6842940
2025-11-24,8.858,8.857,8.865,8.829,4681449
2025-11-25,8.99,9.01,9.039,8.99,6423143
2025-11-26,9.015,9.011,9.048,9.003,5090521
2025-11-27,9.003,9.01,9.017,8.986,3807153
2025-11-28,9.084,9.067,9.09,9.051,3972928
2025-12-01,9.146,9.161,9.204,9.128,7318584
2025-12-02,9.118,9.112,9.145,9.088,4475178
2025-12-03,9.118,9.096,9.143,9.084,4607233
2025-12-04,9.107,9.064,9.125,9.035,5584621
2025-12-05,9.094,9.136,9.148,9.084,4159658
2025-12-08,9.107,9.11,9.119,9.078,4317056
2025-12-09,9.075,9.046,9.082,9.026,4772816
2025-12-10,9.114,9.095,9.118,9.081,3418584
2025-12-11,9.157,9.11,9.165,9.095,4666350
2025-12-12,9.201,9.227,9.23,9.191,4766188
2025-12-15,9.298,9.351,9.36,9.297,5679028
2025-12-16,9.272,9.24,9.296,9.199,5196267
2025-12-17,9.283,9.31,9.345,9.283,4520836
2025-12-18,9.311,9.318,9.327,9.302,3178056
2025-12-19,9.29,9.313,9.321,9.273,3703003
2025-12-22,9.38,9.511,9.514,9.38,6918754
2025-12-23,9.63,9.639,9.689,9.608,9022814
2025-12-24,9.719,9.642,9.722,9.613,7384369
2025-12-25,9.571,9.566,9.58,9.539,4311576
2025-12-26,9.67,9.65,9.68,9.618,4898253
2025-12-29,9.64,9.563,9.667,9.55,7144967
2025-12-30,9.272,9.363,9.402,9.272,8615558
2025-12-31,9.359,9.301,9.392,9.196,8873154
2026-01-05,9.421,9.495,9.499,9.421,6832710
2026-01-06,9.536,9.577,9.606,9.528,5313457
2026-01-07,9.6,9.518,9.601,9.511,6163985
2026-01-08,9.555,9.511,9.559,9.474,4838350
2026-01-09,9.544,9.592,9.596,9.544,3791904
2026-01-12,9.779,9.777,9.791,9.736,4935017
2026-01-13,9.79,9.793,9.825,9.771,3982367
2026-01-14,9.871,9.922,9.925,9.869,4369521
2026-01-15,9.861,9.867,9.883,9.82,5542922
2026-01-16,9.851,9.857,9.874,9.828,3278431
2026-01-19,9.962,10.006,10.009,9.96,4806212
2026-01-20,10.005,10.082,10.095,9.983,5338067
2026-01-21,10.365,10.377,10.501,10.322,9845096
2026-01-22,10.29,10.341,10.343,10.23,7196858
2026-01-23,10.618,10.617,10.643,10.585,7298895
2026-01-26,10.886,10.924,10.955,10.848,9604745
2026-01-27,10.883,10.934,10.946,10.848,7711073
2026-01-28,11.11,11.28,11.288,11.109,10662010
2026-01-29,11.918,11.904,11.977,11.796,14971079
2026-01-30,11.471,11.009,11.533,10.8,23016097
2026-02-02,9.908,9.908,10.245,9.908,18998204
2026-02-03,10.355,10.422,10.461,10.105,21009167
2026-02-04,10.795,10.867,10.904,10.738,14242989
2026-02-05,10.61,10.523,10.695,10.3,19090455
2026-02-06,10.079,10.357,10.523,10.05,18412790
2026-02-09,10.72,10.719,10.75,10.61,11612227
2026-02-10,10.686,10.669,10.733,10.661,7026001
2026-02-11,10.704,10.758,10.765,10.7,6818267
2026-02-12,10.72,10.72,10.752,10.7,6004794
2026-02-13,10.582,10.575,10.617,10.508,7693923
2026-02-24,10.92,10.95,10.998,10.903,7523137
2026-02-25,10.953,10.959,10.992,10.92,6074773
2026-02-26,10.939,10.913,10.944,10.896,4377670
2026-02-27,10.92,10.933,10.95,10.911,4631264
2026-03-02,11.368,11.417,11.419,11.214,11300972
2026-03-03,11.418,11.259,11.418,11.202,9692849
2026-03-04,11.0,10.98,11.085,10.926,9979812
2026-03-05,10.98,10.964,11.014,10.889,6536802
2026-03-06,10.834,10.873,10.937,10.831,4916712
2026-03-09,10.858,10.868,10.95,10.793,8012132
2026-03-10,10.963,10.956,10.991,10.943,4379329
2026-03-11,11.026,10.974,11.028,10.964,4754957
2026-03-12,10.928,10.938,10.956,10.892,3892379
2026-03-13,10.852,10.802,10.88,10.791,3885245
2026-03-16,10.63,10.664,10.7,10.605,4789247
2026-03-17,10.632,10.637,10.696,10.63,3535282
2026-03-18,10.638,10.606,10.639,10.57,3544273
2026-03-19,10.283,10.126,10.345,10.08,8783621
2026-03-20,9.9,9.896,10.066,9.883,11917841
2026-03-23,9.488,8.941,9.5,8.906,19747659
2026-03-24,9.21,9.299,9.303,9.105,14905165
2026-03-25,9.7,9.641,9.772,9.609,11786322
2026-03-26,9.628,9.45,9.637,9.358,11076213
2026-03-27,9.358,9.494,9.528,9.358,7487073
2026-03-30,9.496,9.656,9.696,9.473,10467459
2026-03-31,9.751,9.699,9.836,9.697,9818017
2026-04-01,9.95,10.024,10.028,9.912,8356708
2026-04-02,10.0,9.738,10.0,9.641,13026467
2026-04-03,9.914,9.828,9.914,9.793,4242962
2026-04-07,9.845,9.837,9.867,9.781,5427848
2026-04-08,10.103,10.113,10.153,10.057,9943480
2026-04-09,9.92,9.908,9.95,9.9,6552527
2026-04-10,9.995,9.972,10.03,9.954,5776953
2026-04-13,9.918,9.924,9.939,9.9,4285544
2026-04-14,9.999,10.011,10.012,9.968,4221605
2026-04-15,10.127,10.064,10.15,10.062,4897697
2026-04-16,10.095,10.097,10.111,10.07,3762437
2026-04-17,10.0,10.029,10.071,9.99,3577189
