PERMNO,date,TICKER,PRC,VOL,RET
90448,2019-01-02,GLD,121.33000,12776155,0.000660
90448,2019-01-03,GLD,122.43000,15440840,0.009066
90448,2019-01-04,GLD,121.44000,13334368,-0.008086
90448,2019-01-07,GLD,121.86000,7473641,0.003458
90448,2019-01-08,GLD,121.53000,7643363,-0.002708
90448,2019-01-09,GLD,122.31000,10555933,0.006418
90448,2019-01-10,GLD,121.59000,6672058,-0.005887
90448,2019-01-11,GLD,121.80000,8622666,0.001727
90448,2019-01-14,GLD,122.09000,6477072,0.002381
90448,2019-01-15,GLD,121.88000,7512779,-0.001720
90448,2019-01-16,GLD,122.27000,6878137,0.003200
90448,2019-01-17,GLD,122.11000,8558523,-0.001309
90448,2019-01-18,GLD,121.02000,10896307,-0.008926
90448,2019-01-22,GLD,121.45000,7896668,0.003553
90448,2019-01-23,GLD,121.28000,5224918,-0.001400
90448,2019-01-24,GLD,121.09000,5662490,-0.001567
90448,2019-01-25,GLD,122.86000,11103309,0.014617
90448,2019-01-28,GLD,123.29000,8522178,0.003500
90448,2019-01-29,GLD,123.98000,11610204,0.005597
90448,2019-01-30,GLD,124.69000,12103963,0.005727
90448,2019-01-31,GLD,124.75000,10209516,0.000481
90448,2019-02-01,GLD,124.50000,12485496,-0.002004
90448,2019-02-04,GLD,123.96000,6879187,-0.004337
90448,2019-02-05,GLD,124.28000,6291367,0.002581
90448,2019-02-06,GLD,123.44000,6595100,-0.006759
90448,2019-02-07,GLD,123.74000,5935456,0.002430
90448,2019-02-08,GLD,124.21000,4235221,0.003798
90448,2019-02-11,GLD,123.60000,4821904,-0.004911
90448,2019-02-12,GLD,123.86000,4271869,0.002104
90448,2019-02-13,GLD,123.37000,7640509,-0.003956
90448,2019-02-14,GLD,124.06000,6276529,0.005593
90448,2019-02-15,GLD,124.80000,12190104,0.005965
90448,2019-02-19,GLD,126.70000,15614028,0.015224
90448,2019-02-20,GLD,126.48000,8889665,-0.001736
90448,2019-02-21,GLD,125.05000,8634596,-0.011306
90448,2019-02-22,GLD,125.50000,5439375,0.003599
90448,2019-02-25,GLD,125.37000,4882615,-0.001036
90448,2019-02-26,GLD,125.58000,5153511,0.001675
90448,2019-02-27,GLD,124.69000,7935647,-0.007087
90448,2019-02-28,GLD,123.99000,7811731,-0.005614
90448,2019-03-01,GLD,121.88000,16411743,-0.017018
90448,2019-03-04,GLD,121.56000,10272586,-0.002626
90448,2019-03-05,GLD,121.72000,7120090,0.001316
90448,2019-03-06,GLD,121.61000,4820443,-0.000904
90448,2019-03-07,GLD,121.51000,6088768,-0.000822
90448,2019-03-08,GLD,122.84000,10427747,0.010946
90448,2019-03-11,GLD,122.24000,6708655,-0.004884
90448,2019-03-12,GLD,122.98000,6289860,0.006054
90448,2019-03-13,GLD,123.84000,7377297,0.006993
90448,2019-03-14,GLD,122.41000,6778443,-0.011547
90448,2019-03-15,GLD,122.97000,9412061,0.004575
90448,2019-03-18,GLD,123.04000,7783205,0.000569
90448,2019-03-19,GLD,123.38000,6558693,0.002763
90448,2019-03-20,GLD,124.18000,11304912,0.006484
90448,2019-03-21,GLD,123.68000,7739775,-0.004026
90448,2019-03-22,GLD,123.97000,5874016,0.002345
90448,2019-03-25,GLD,124.92000,7288343,0.007663
90448,2019-03-26,GLD,124.30000,5056224,-0.004963
90448,2019-03-27,GLD,123.65000,6595016,-0.005229
90448,2019-03-28,GLD,121.90000,11878328,-0.014153
90448,2019-03-29,GLD,122.01000,7094201,0.000902
90448,2019-04-01,GLD,121.53000,13559963,-0.003934
90448,2019-04-02,GLD,121.98000,4474953,0.003703
90448,2019-04-03,GLD,121.80000,6152734,-0.001476
90448,2019-04-04,GLD,122.11000,7508760,0.002545
90448,2019-04-05,GLD,121.98000,5114493,-0.001065
90448,2019-04-08,GLD,122.51000,4271034,0.004345
90448,2019-04-09,GLD,123.15000,4648392,0.005224
90448,2019-04-10,GLD,123.53000,6344767,0.003086
90448,2019-04-11,GLD,121.95000,11694503,-0.012790
90448,2019-04-12,GLD,121.83000,5272844,-0.000984
90448,2019-04-15,GLD,121.60000,4252774,-0.001888
90448,2019-04-16,GLD,120.51000,10097802,-0.008964
90448,2019-04-17,GLD,120.28000,4693864,-0.001909
90448,2019-04-18,GLD,120.37000,4090401,0.000748
90448,2019-04-22,GLD,120.37000,2251185,0.000000
90448,2019-04-23,GLD,120.12000,5574897,-0.002077
90448,2019-04-24,GLD,120.47000,4173034,0.002914
90448,2019-04-25,GLD,120.57000,4836857,0.000830
90448,2019-04-26,GLD,121.37000,6022715,0.006635
90448,2019-04-29,GLD,120.83000,4469721,-0.004449
90448,2019-04-30,GLD,121.20000,4758567,0.003062
90448,2019-05-01,GLD,120.40000,12331836,-0.006601
90448,2019-05-02,GLD,119.94000,6759844,-0.003821
90448,2019-05-03,GLD,120.65000,8414504,0.005920
90448,2019-05-06,GLD,120.81000,3479563,0.001326
90448,2019-05-07,GLD,121.21000,4010654,0.003311
90448,2019-05-08,GLD,120.91000,4178965,-0.002475
90448,2019-05-09,GLD,121.20000,5015785,0.002398
90448,2019-05-10,GLD,121.43000,4586301,0.001898
90448,2019-05-13,GLD,122.67000,11130908,0.010212
90448,2019-05-14,GLD,122.46000,5556105,-0.001712
90448,2019-05-15,GLD,122.39000,10298968,-0.000572
90448,2019-05-16,GLD,121.51000,6349454,-0.007190
90448,2019-05-17,GLD,120.65000,6589382,-0.007078
90448,2019-05-20,GLD,120.64000,4345803,-0.000083
90448,2019-05-21,GLD,120.36000,3845702,-0.002321
90448,2019-05-22,GLD,120.24000,3741805,-0.000997
90448,2019-05-23,GLD,121.17000,6054721,0.007735
90448,2019-05-24,GLD,121.30000,2324653,0.001073
90448,2019-05-28,GLD,120.83000,4303495,-0.003875
90448,2019-05-29,GLD,120.87000,4133202,0.000331
90448,2019-05-30,GLD,121.69000,7757033,0.006784
90448,2019-05-31,GLD,123.33000,15367001,0.013477
90448,2019-06-03,GLD,125.11000,14173636,0.014433
90448,2019-06-04,GLD,125.15000,7997062,0.000320
90448,2019-06-05,GLD,125.47000,7637880,0.002557
90448,2019-06-06,GLD,125.88000,5551778,0.003268
90448,2019-06-07,GLD,126.59000,8145853,0.005640
90448,2019-06-10,GLD,125.33000,5409983,-0.009953
90448,2019-06-11,GLD,125.18000,4757841,-0.001197
90448,2019-06-12,GLD,125.83000,5756153,0.005193
90448,2019-06-13,GLD,126.60000,5374818,0.006119
90448,2019-06-14,GLD,126.56000,9226446,-0.000316
90448,2019-06-17,GLD,126.48000,4763345,-0.000632
90448,2019-06-18,GLD,127.12000,10309646,0.005060
90448,2019-06-19,GLD,127.89000,11660649,0.006057
90448,2019-06-20,GLD,131.11000,18636339,0.025178
90448,2019-06-21,GLD,131.98000,15068037,0.006636
90448,2019-06-24,GLD,133.94000,17851801,0.014851
90448,2019-06-25,GLD,134.20000,24772241,0.001941
90448,2019-06-26,GLD,132.97000,12016402,-0.009165
90448,2019-06-27,GLD,132.84000,8412764,-0.000978
90448,2019-06-28,GLD,133.20000,8076966,0.002710
90448,2019-07-01,GLD,130.62000,13369815,-0.019369
90448,2019-07-02,GLD,133.41000,13282139,0.021360
90448,2019-07-03,GLD,133.63000,6351547,0.001649
90448,2019-07-05,GLD,132.14000,11536581,-0.011150
90448,2019-07-08,GLD,131.28999,8028884,-0.006433
90448,2019-07-09,GLD,131.75000,6633439,0.003504
90448,2019-07-10,GLD,133.83000,13920593,0.015787
90448,2019-07-11,GLD,132.70000,7535133,-0.008444
90448,2019-07-12,GLD,133.53000,6309451,0.006255
90448,2019-07-15,GLD,133.53000,4026583,0.000000
90448,2019-07-16,GLD,132.39999,7965981,-0.008463
90448,2019-07-17,GLD,134.58000,11288279,0.016465
90448,2019-07-18,GLD,136.48000,18466488,0.014118
90448,2019-07-19,GLD,134.47000,18079195,-0.014727
90448,2019-07-22,GLD,134.45000,7570898,-0.000149
90448,2019-07-23,GLD,133.69000,9981379,-0.005653
90448,2019-07-24,GLD,134.37000,6715167,0.005086
90448,2019-07-25,GLD,133.42000,11708240,-0.007070
90448,2019-07-26,GLD,133.64000,6249928,0.001649
90448,2019-07-29,GLD,134.53000,9162417,0.006660
90448,2019-07-30,GLD,134.98000,9458733,0.003345
90448,2019-07-31,GLD,133.21001,18797199,-0.013113
90448,2019-08-01,GLD,136.41000,27719822,0.024022
90448,2019-08-02,GLD,135.89000,13753222,-0.003812
90448,2019-08-05,GLD,137.78999,17519817,0.013982
90448,2019-08-06,GLD,138.91000,9471209,0.008128
90448,2019-08-07,GLD,141.02000,26671092,0.015190
90448,2019-08-08,GLD,141.73000,13108554,0.005035
90448,2019-08-09,GLD,141.25999,9485912,-0.003316
90448,2019-08-12,GLD,142.63000,15259755,0.009699
90448,2019-08-13,GLD,141.78000,29930394,-0.005960
90448,2019-08-14,GLD,142.75000,20672858,0.006842
90448,2019-08-15,GLD,143.70000,13501099,0.006655
90448,2019-08-16,GLD,142.78000,12184492,-0.006402
90448,2019-08-19,GLD,141.11000,10558366,-0.011696
90448,2019-08-20,GLD,142.21001,7479375,0.007795
90448,2019-08-21,GLD,141.75999,8118733,-0.003164
90448,2019-08-22,GLD,141.39999,6847647,-0.002540
90448,2019-08-23,GLD,144.17000,20290539,0.019590
90448,2019-08-26,GLD,144.19000,12200810,0.000139
90448,2019-08-27,GLD,145.57001,12857588,0.009571
90448,2019-08-28,GLD,145.16000,11454605,-0.002817
90448,2019-08-29,GLD,144.12000,14764572,-0.007165
90448,2019-08-30,GLD,143.75000,9642584,-0.002567
90448,2019-09-03,GLD,145.75000,15621873,0.013913
90448,2019-09-04,GLD,146.66000,11292000,0.006244
90448,2019-09-05,GLD,143.14000,20297877,-0.024001
90448,2019-09-06,GLD,141.92000,14175216,-0.008523
90448,2019-09-09,GLD,141.39000,11323819,-0.003734
90448,2019-09-10,GLD,140.17999,12629208,-0.008558
90448,2019-09-11,GLD,141.03000,7453049,0.006064
90448,2019-09-12,GLD,141.32001,12673707,0.002056
90448,2019-09-13,GLD,140.14999,13451701,-0.008279
90448,2019-09-16,GLD,141.32001,8094567,0.008348
90448,2019-09-17,GLD,141.60001,7046430,0.001981
90448,2019-09-18,GLD,140.71001,15071647,-0.006285
90448,2019-09-19,GLD,141.28000,8062589,0.004051
90448,2019-09-20,GLD,142.95000,12276521,0.011820
90448,2019-09-23,GLD,143.75000,9036267,0.005596
90448,2019-09-24,GLD,144.50999,10620690,0.005287
90448,2019-09-25,GLD,141.83000,11997855,-0.018545
90448,2019-09-26,GLD,141.78999,8803139,-0.000282
90448,2019-09-27,GLD,141.06000,9665953,-0.005148
90448,2019-09-30,GLD,138.87000,15530068,-0.015525
90448,2019-10-01,GLD,139.63000,12502406,0.005473
90448,2019-10-02,GLD,141.25999,11944623,0.011674
90448,2019-10-03,GLD,141.89999,12407863,0.004531
90448,2019-10-04,GLD,141.89999,9689966,0.000000
90448,2019-10-07,GLD,140.69000,6162696,-0.008527
90448,2019-10-08,GLD,141.92000,10485490,0.008743
90448,2019-10-09,GLD,142.05000,7052811,0.000916
90448,2019-10-10,GLD,140.81000,9331584,-0.008729
90448,2019-10-11,GLD,140.03000,11425535,-0.005539
90448,2019-10-14,GLD,140.59000,4009169,0.003999
90448,2019-10-15,GLD,139.61000,9131732,-0.006971
90448,2019-10-16,GLD,140.41000,10363893,0.005730
90448,2019-10-17,GLD,140.61000,6224288,0.001424
90448,2019-10-18,GLD,140.46001,6416213,-0.001067
90448,2019-10-21,GLD,139.78999,8314307,-0.004770
90448,2019-10-22,GLD,140.20000,3885045,0.002933
90448,2019-10-23,GLD,140.53000,4160001,0.002354
90448,2019-10-24,GLD,141.53000,6275566,0.007116
90448,2019-10-25,GLD,141.86000,6011459,0.002332
90448,2019-10-28,GLD,140.64000,5442028,-0.008600
90448,2019-10-29,GLD,140.25000,3835427,-0.002773
90448,2019-10-30,GLD,141.02000,6992869,0.005490
90448,2019-10-31,GLD,142.42999,7050926,0.009998
90448,2019-11-01,GLD,142.56000,8089975,0.000913
90448,2019-11-04,GLD,142.14999,4740282,-0.002876
90448,2019-11-05,GLD,139.85001,11782250,-0.016180
90448,2019-11-06,GLD,140.45000,6416469,0.004290
90448,2019-11-07,GLD,138.27000,15214223,-0.015521
90448,2019-11-08,GLD,137.39000,10378201,-0.006364
90448,2019-11-11,GLD,137.06000,7038053,-0.002402
90448,2019-11-12,GLD,137.42999,6451809,0.002700
90448,2019-11-13,GLD,137.98000,8809752,0.004002
90448,2019-11-14,GLD,138.56000,5220927,0.004204
90448,2019-11-15,GLD,138.21001,10106940,-0.002526
90448,2019-11-18,GLD,138.62000,5722188,0.002966
90448,2019-11-19,GLD,138.69000,4825641,0.000505
90448,2019-11-20,GLD,138.75999,6894534,0.000505
90448,2019-11-21,GLD,138.00000,4197208,-0.005477
90448,2019-11-22,GLD,137.74001,3620534,-0.001884
90448,2019-11-25,GLD,137.08000,6418042,-0.004792
90448,2019-11-26,GLD,137.74001,4725594,0.004815
90448,2019-11-27,GLD,137.00999,4113152,-0.005300
90448,2019-11-29,GLD,137.86000,4516421,0.006204
90448,2019-12-02,GLD,137.78999,8278535,-0.000508
90448,2019-12-03,GLD,139.11000,8502789,0.009580
90448,2019-12-04,GLD,138.92000,6326512,-0.001366
90448,2019-12-05,GLD,139.00000,5674471,0.000576
90448,2019-12-06,GLD,137.62000,8748968,-0.009928
90448,2019-12-09,GLD,137.58000,2814342,-0.000291
90448,2019-12-10,GLD,137.97000,3241771,0.002835
90448,2019-12-11,GLD,138.92000,6117701,0.006886
90448,2019-12-12,GLD,138.42999,8816618,-0.003527
90448,2019-12-13,GLD,139.05000,6979801,0.004479
90448,2019-12-16,GLD,139.03999,4647211,-0.000072
90448,2019-12-17,GLD,139.00999,4288118,-0.000216
90448,2019-12-18,GLD,139.02000,3608069,0.000072
90448,2019-12-19,GLD,139.38000,4975164,0.002590
90448,2019-12-20,GLD,139.52000,4481503,0.001004
90448,2019-12-23,GLD,139.95000,5182388,0.003082
90448,2019-12-24,GLD,141.27000,5303698,0.009432
90448,2019-12-26,GLD,142.38000,8343019,0.007857
90448,2019-12-27,GLD,142.33000,5120441,-0.000351
90448,2019-12-30,GLD,142.63000,4812117,0.002108
90448,2019-12-31,GLD,142.89999,5314467,0.001893
90448,2020-01-02,GLD,143.95000,7736828,0.007348
90448,2020-01-03,GLD,145.86000,12285501,0.013269
90448,2020-01-06,GLD,147.39000,14409912,0.010490
90448,2020-01-07,GLD,147.97000,8401088,0.003935
90448,2020-01-08,GLD,146.86000,22276323,-0.007502
90448,2020-01-09,GLD,146.03000,10304334,-0.005652
90448,2020-01-10,GLD,146.91000,6183992,0.006026
90448,2020-01-13,GLD,145.82001,7603649,-0.007419
90448,2020-01-14,GLD,145.69000,6607124,-0.000892
90448,2020-01-15,GLD,146.53999,6510029,0.005834
90448,2020-01-16,GLD,146.31000,6069101,-0.001570
90448,2020-01-17,GLD,146.58000,11121140,0.001845
90448,2020-01-21,GLD,146.74001,6086149,0.001092
90448,2020-01-22,GLD,146.78999,4778186,0.000341
90448,2020-01-23,GLD,147.12000,8419778,0.002248
90448,2020-01-24,GLD,147.98000,9919871,0.005846
90448,2020-01-27,GLD,148.99001,9988069,0.006825
90448,2020-01-28,GLD,147.66000,7543088,-0.008927
90448,2020-01-29,GLD,148.46001,5023827,0.005418
90448,2020-01-30,GLD,148.47000,9119545,0.000067
90448,2020-01-31,GLD,149.33000,14788263,0.005792
90448,2020-02-03,GLD,148.36000,9115075,-0.006496
90448,2020-02-04,GLD,146.42999,10525585,-0.013009
90448,2020-02-05,GLD,146.61000,6160661,0.001229
90448,2020-02-06,GLD,147.39999,4819778,0.005388
90448,2020-02-07,GLD,147.78999,6379311,0.002646
90448,2020-02-10,GLD,148.17000,5793599,0.002571
90448,2020-02-11,GLD,147.66000,5179392,-0.003442
90448,2020-02-12,GLD,147.53999,5040584,-0.000813
90448,2020-02-13,GLD,148.38000,7082098,0.005693
90448,2020-02-14,GLD,149.00000,5345393,0.004178
90448,2020-02-18,GLD,150.91000,11527580,0.012819
90448,2020-02-19,GLD,151.78999,9269784,0.005831
90448,2020-02-20,GLD,152.41000,8457348,0.004085
90448,2020-02-21,GLD,154.70000,16353292,0.015025
90448,2020-02-24,GLD,156.09000,27170954,0.008985
90448,2020-02-25,GLD,153.30000,28091497,-0.017874
90448,2020-02-26,GLD,153.97000,17983155,0.004371
90448,2020-02-27,GLD,154.00000,27878524,0.000195
90448,2020-02-28,GLD,148.38000,42707124,-0.036493
90448,2020-03-02,GLD,149.20000,16295360,0.005526
90448,2020-03-03,GLD,153.89000,28687689,0.031434
90448,2020-03-04,GLD,154.16000,12315472,0.001755
90448,2020-03-05,GLD,157.49001,17973475,0.021601
90448,2020-03-06,GLD,157.55000,26973448,0.000381
90448,2020-03-09,GLD,157.81000,24868674,0.001650
90448,2020-03-10,GLD,154.48000,18811547,-0.021101
90448,2020-03-11,GLD,153.92999,18353302,-0.003560
90448,2020-03-12,GLD,147.78999,32893430,-0.039888
90448,2020-03-13,GLD,143.28000,35177244,-0.030516
90448,2020-03-16,GLD,141.64000,24495962,-0.011446
90448,2020-03-17,GLD,143.56000,24490276,0.013555
90448,2020-03-18,GLD,140.70000,21953448,-0.019922
90448,2020-03-19,GLD,138.03999,20828884,-0.018905
90448,2020-03-20,GLD,140.11000,20056048,0.014996
90448,2020-03-23,GLD,146.30000,28275212,0.044180
90448,2020-03-24,GLD,153.39999,20743472,0.048530
90448,2020-03-25,GLD,151.30000,16457183,-0.013690
90448,2020-03-26,GLD,153.24001,12778236,0.012822
90448,2020-03-27,GLD,152.25000,9824572,-0.006460
90448,2020-03-30,GLD,152.92000,12080881,0.004401
90448,2020-03-31,GLD,148.05000,13319495,-0.031847
90448,2020-04-01,GLD,149.45000,11827400,0.009456
90448,2020-04-02,GLD,151.89999,9188303,0.016393
90448,2020-04-03,GLD,152.64999,8469099,0.004937
90448,2020-04-06,GLD,156.88000,14739272,0.027711
90448,2020-04-07,GLD,156.03999,9195370,-0.005354
90448,2020-04-08,GLD,154.64999,7600804,-0.008908
90448,2020-04-09,GLD,158.69000,18123039,0.026124
90448,2020-04-13,GLD,161.41000,20549213,0.017140
90448,2020-04-14,GLD,162.67999,17095086,0.007868
90448,2020-04-15,GLD,161.85001,12141890,-0.005102
90448,2020-04-16,GLD,161.71001,9233164,-0.000865
90448,2020-04-17,GLD,158.57001,14652737,-0.019417
90448,2020-04-20,GLD,159.70000,10688689,0.007126
90448,2020-04-21,GLD,158.61000,12478080,-0.006825
90448,2020-04-22,GLD,161.73000,12937093,0.019671
90448,2020-04-23,GLD,163.34000,14928503,0.009955
90448,2020-04-24,GLD,162.64000,11203587,-0.004286
90448,2020-04-27,GLD,161.56000,9033533,-0.006640
90448,2020-04-28,GLD,160.84000,10382975,-0.004457
90448,2020-04-29,GLD,161.73000,12232348,0.005533
90448,2020-04-30,GLD,158.80000,13633483,-0.018117
90448,2020-05-01,GLD,159.78000,10914334,0.006171
90448,2020-05-04,GLD,160.34000,7986191,0.003505
90448,2020-05-05,GLD,161.02000,10563066,0.004241
90448,2020-05-06,GLD,158.95000,13351959,-0.012856
90448,2020-05-07,GLD,161.39000,13696493,0.015351
90448,2020-05-08,GLD,160.42000,12244561,-0.006010
90448,2020-05-11,GLD,159.42000,11209822,-0.006234
90448,2020-05-12,GLD,160.03999,10405991,0.003889
90448,2020-05-13,GLD,161.58000,10950397,0.009623
90448,2020-05-14,GLD,163.00999,17084368,0.008850
90448,2020-05-15,GLD,163.92999,13918816,0.005644
90448,2020-05-18,GLD,162.69000,14137907,-0.007564
90448,2020-05-19,GLD,164.25999,8531719,0.009650
90448,2020-05-20,GLD,164.64999,10666071,0.002374
90448,2020-05-21,GLD,162.25000,11790992,-0.014576
90448,2020-05-22,GLD,163.21001,8540909,0.005917
90448,2020-05-26,GLD,160.89000,13972012,-0.014215
90448,2020-05-27,GLD,161.17999,13063451,0.001802
90448,2020-05-28,GLD,161.72000,9761610,0.003350
90448,2020-05-29,GLD,162.91000,12584009,0.007358
90448,2020-06-01,GLD,163.66000,8155048,0.004604
90448,2020-06-02,GLD,162.60001,10388908,-0.006477
90448,2020-06-03,GLD,159.60001,17000510,-0.018450
90448,2020-06-04,GLD,161.28000,10094024,0.010526
90448,2020-06-05,GLD,158.00999,16021182,-0.020275
90448,2020-06-08,GLD,159.72000,9244440,0.010822
90448,2020-06-09,GLD,161.25999,9045618,0.009642
90448,2020-06-10,GLD,163.57001,13009343,0.014325
90448,2020-06-11,GLD,162.39000,11673902,-0.007214
90448,2020-06-12,GLD,162.62000,6895361,0.001416
90448,2020-06-15,GLD,162.33000,8538826,-0.001783
90448,2020-06-16,GLD,162.25000,7969781,-0.000493
90448,2020-06-17,GLD,162.56000,4758210,0.001911
90448,2020-06-18,GLD,162.24001,5397628,-0.001968
90448,2020-06-19,GLD,164.03000,12187390,0.011033
90448,2020-06-22,GLD,165.09000,12385635,0.006462
90448,2020-06-23,GLD,166.48000,12137343,0.008420
90448,2020-06-24,GLD,165.89999,10901444,-0.003484
90448,2020-06-25,GLD,165.80000,7093774,-0.000603
90448,2020-06-26,GLD,166.53999,9753492,0.004463
90448,2020-06-29,GLD,166.63000,6735695,0.000540
90448,2020-06-30,GLD,167.37000,12762295,0.004441
90448,2020-07-01,GLD,166.62000,13214759,-0.004481
90448,2020-07-02,GLD,166.98000,8753455,0.002161
90448,2020-07-06,GLD,167.98000,7265701,0.005989
90448,2020-07-07,GLD,169.03999,11633122,0.006310
90448,2020-07-08,GLD,170.09000,11662726,0.006212
90448,2020-07-09,GLD,169.63000,13327389,-0.002704
90448,2020-07-10,GLD,169.19000,8218013,-0.002594
90448,2020-07-13,GLD,169.39999,11095948,0.001241
90448,2020-07-14,GLD,170.19000,9812736,0.004664
90448,2020-07-15,GLD,170.34000,7533752,0.000881
90448,2020-07-16,GLD,168.73000,10242371,-0.009452
90448,2020-07-17,GLD,170.12000,10296037,0.008238
90448,2020-07-20,GLD,170.94000,10095548,0.004820
90448,2020-07-21,GLD,173.00000,12864620,0.012051
90448,2020-07-22,GLD,175.63000,18712467,0.015202
90448,2020-07-23,GLD,177.17999,23006824,0.008825
90448,2020-07-24,GLD,178.70000,15601327,0.008579
90448,2020-07-27,GLD,182.23000,21115604,0.019754
90448,2020-07-28,GLD,183.75000,21164633,0.008341
90448,2020-07-29,GLD,185.13000,25640100,0.007510
90448,2020-07-30,GLD,183.75999,18061227,-0.007400
90448,2020-07-31,GLD,185.42999,15885010,0.009088
90448,2020-08-03,GLD,185.64000,12896999,0.001133
90448,2020-08-04,GLD,189.59000,20773210,0.021278
90448,2020-08-05,GLD,191.35001,27193718,0.009283
90448,2020-08-06,GLD,193.89000,20640119,0.013274
90448,2020-08-07,GLD,190.81000,24570160,-0.015885
90448,2020-08-10,GLD,190.14999,19047223,-0.003459
90448,2020-08-11,GLD,179.94000,45354997,-0.053694
90448,2020-08-12,GLD,179.10001,28779419,-0.004668
90448,2020-08-13,GLD,183.33000,18596773,0.023618
90448,2020-08-14,GLD,182.53999,11791981,-0.004309
90448,2020-08-17,GLD,186.50000,15709818,0.021694
90448,2020-08-18,GLD,188.17999,16291627,0.009008
90448,2020-08-19,GLD,182.24001,24646942,-0.031565
90448,2020-08-20,GLD,183.50000,16692201,0.006914
90448,2020-08-21,GLD,182.03000,12713741,-0.008011
90448,2020-08-24,GLD,181.00000,11605788,-0.005658
90448,2020-08-25,GLD,181.22000,10056066,0.001215
90448,2020-08-26,GLD,183.36000,12715762,0.011809
90448,2020-08-27,GLD,181.24001,16299207,-0.011562
90448,2020-08-28,GLD,184.39000,13200826,0.017380
90448,2020-08-31,GLD,184.83000,10251152,0.002386
90448,2020-09-01,GLD,185.05000,10689058,0.001190
90448,2020-09-02,GLD,182.62000,11536946,-0.013132
90448,2020-09-03,GLD,181.14000,12176904,-0.008104
90448,2020-09-04,GLD,181.64000,11567864,0.002760
90448,2020-09-08,GLD,181.28999,13229196,-0.001927
90448,2020-09-09,GLD,183.05000,8424118,0.009708
90448,2020-09-10,GLD,182.46001,9143612,-0.003223
90448,2020-09-11,GLD,182.45000,7662287,-0.000055
90448,2020-09-14,GLD,183.89000,9709501,0.007893
90448,2020-09-15,GLD,183.45000,7993693,-0.002393
90448,2020-09-16,GLD,183.97000,12717630,0.002835
90448,2020-09-17,GLD,182.96001,8836188,-0.005490
90448,2020-09-18,GLD,183.20000,9959667,0.001312
90448,2020-09-21,GLD,179.52000,17436121,-0.020087
90448,2020-09-22,GLD,178.64999,7977916,-0.004846
90448,2020-09-23,GLD,174.78999,18134030,-0.021606
90448,2020-09-24,GLD,175.44000,11759192,0.003719
90448,2020-09-25,GLD,174.94000,6779192,-0.002850
90448,2020-09-28,GLD,176.70000,7109746,0.010061
90448,2020-09-29,GLD,178.19000,8762004,0.008432
90448,2020-09-30,GLD,177.12000,8371844,-0.006005
90448,2020-10-01,GLD,178.70000,10402833,0.008921
90448,2020-10-02,GLD,178.53999,7488503,-0.000895
90448,2020-10-05,GLD,179.41000,6969605,0.004873
90448,2020-10-06,GLD,177.30000,8632761,-0.011761
90448,2020-10-07,GLD,177.22000,6410899,-0.000451
90448,2020-10-08,GLD,177.85001,6530845,0.003555
90448,2020-10-09,GLD,181.08000,15979775,0.018161
90448,2020-10-12,GLD,180.56000,4842997,-0.002872
90448,2020-10-13,GLD,177.72000,8384295,-0.015729
90448,2020-10-14,GLD,178.27000,9100896,0.003095
90448,2020-10-15,GLD,178.92000,6821291,0.003646
90448,2020-10-16,GLD,178.30000,7262158,-0.003465
90448,2020-10-19,GLD,178.39000,6084398,0.000505
90448,2020-10-20,GLD,179.25000,7124678,0.004821
90448,2020-10-21,GLD,180.60001,7548086,0.007531
90448,2020-10-22,GLD,178.83000,8376974,-0.009801
90448,2020-10-23,GLD,178.64000,5919276,-0.001062
90448,2020-10-26,GLD,178.55000,5105103,-0.000504
90448,2020-10-27,GLD,179.02000,5826871,0.002632
90448,2020-10-28,GLD,176.13000,11734083,-0.016143
90448,2020-10-29,GLD,175.39999,8474453,-0.004145
90448,2020-10-30,GLD,176.20000,7304589,0.004561
90448,2020-11-02,GLD,177.91000,6498368,0.009705
90448,2020-11-03,GLD,178.92000,7577196,0.005677
90448,2020-11-04,GLD,178.82001,11117259,-0.000559
90448,2020-11-05,GLD,182.92999,16102775,0.022984
90448,2020-11-06,GLD,183.19000,10378266,0.001421
90448,2020-11-09,GLD,175.08000,29800706,-0.044271
90448,2020-11-10,GLD,175.66000,11728459,0.003313
90448,2020-11-11,GLD,174.89999,9008471,-0.004327
90448,2020-11-12,GLD,175.96001,7182263,0.006061
90448,2020-11-13,GLD,177.16000,6470910,0.006820
90448,2020-11-16,GLD,177.14999,8358474,-0.000057
90448,2020-11-17,GLD,176.50000,8229142,-0.003669
90448,2020-11-18,GLD,175.49001,7384661,-0.005722
90448,2020-11-19,GLD,175.16000,6965056,-0.001880
90448,2020-11-20,GLD,175.69000,6380936,0.003026
90448,2020-11-23,GLD,172.23000,15510552,-0.019694
90448,2020-11-24,GLD,169.59000,19503992,-0.015328
90448,2020-11-25,GLD,169.50999,10286575,-0.000472
90448,2020-11-27,GLD,167.78999,10569141,-0.010147
90448,2020-11-30,GLD,166.67000,13209977,-0.006675
90448,2020-12-01,GLD,170.17999,13555209,0.021060
90448,2020-12-02,GLD,171.46001,9199741,0.007522
90448,2020-12-03,GLD,172.81000,10457274,0.007874
90448,2020-12-04,GLD,172.32001,10098639,-0.002835
90448,2020-12-07,GLD,174.89000,10555101,0.014914
90448,2020-12-08,GLD,175.50000,6348418,0.003488
90448,2020-12-09,GLD,172.50000,10743185,-0.017094
90448,2020-12-10,GLD,172.17000,6564030,-0.001913
90448,2020-12-11,GLD,172.49001,6084848,0.001859
90448,2020-12-14,GLD,171.53999,7644419,-0.005508
90448,2020-12-15,GLD,173.94000,6848629,0.013991
90448,2020-12-16,GLD,174.89999,8174737,0.005519
90448,2020-12-17,GLD,176.74001,9475790,0.010520
90448,2020-12-18,GLD,176.44000,6789888,-0.001697
90448,2020-12-21,GLD,175.88000,8168924,-0.003174
90448,2020-12-22,GLD,174.49001,9447403,-0.007903
90448,2020-12-23,GLD,175.64999,6542767,0.006648
90448,2020-12-24,GLD,176.35001,3695443,0.003985
90448,2020-12-28,GLD,175.71001,7778685,-0.003629
90448,2020-12-29,GLD,176.35001,5983741,0.003642
90448,2020-12-30,GLD,177.70000,5914039,0.007655
90448,2020-12-31,GLD,178.36000,7540757,0.003714
90448,2021-01-04,GLD,182.33000,14331436,0.022258
90448,2021-01-05,GLD,182.87000,12718753,0.002962
90448,2021-01-06,GLD,179.89999,18453495,-0.016241
90448,2021-01-07,GLD,179.48000,7110214,-0.002335
90448,2021-01-08,GLD,173.34000,24399895,-0.034210
90448,2021-01-11,GLD,173.00000,8579195,-0.001961
90448,2021-01-12,GLD,174.12000,9798480,0.006474
90448,2021-01-13,GLD,173.37000,14110299,-0.004307
90448,2021-01-14,GLD,173.28000,13522670,-0.000519
90448,2021-01-15,GLD,171.13000,16172494,-0.012408
90448,2021-01-19,GLD,172.58000,7485700,0.008473
90448,2021-01-20,GLD,175.39000,9456038,0.016282
90448,2021-01-21,GLD,175.28000,7250164,-0.000627
90448,2021-01-22,GLD,173.89999,7269592,-0.007873
90448,2021-01-25,GLD,174.05000,5936770,0.000863
90448,2021-01-26,GLD,173.62000,4685568,-0.002471
90448,2021-01-27,GLD,172.52000,9036528,-0.006336
90448,2021-01-28,GLD,172.67999,9392363,0.000927
90448,2021-01-29,GLD,172.61000,11252816,-0.000405
90448,2021-02-01,GLD,174.23000,9079082,0.009385
90448,2021-02-02,GLD,172.11000,7221689,-0.012168
90448,2021-02-03,GLD,171.85001,4658060,-0.001511
90448,2021-02-04,GLD,168.14999,13736624,-0.021530
90448,2021-02-05,GLD,169.81000,6538458,0.009872
90448,2021-02-08,GLD,171.52000,6887535,0.010070
90448,2021-02-09,GLD,172.08000,5131799,0.003265
90448,2021-02-10,GLD,172.71001,6112812,0.003661
90448,2021-02-11,GLD,171.21001,5994522,-0.008685
90448,2021-02-12,GLD,170.69000,6018930,-0.003037
90448,2021-02-16,GLD,168.24001,14761087,-0.014353
90448,2021-02-17,GLD,166.33000,11425421,-0.011353
90448,2021-02-18,GLD,166.32001,7498157,-0.000060
90448,2021-02-19,GLD,167.00999,8273502,0.004149
90448,2021-02-22,GLD,169.50999,10083290,0.014969
90448,2021-02-23,GLD,169.12000,8616789,-0.002301
90448,2021-02-24,GLD,169.00000,8890612,-0.000710
90448,2021-02-25,GLD,165.82001,16359418,-0.018817
90448,2021-02-26,GLD,161.81000,23730391,-0.024183
90448,2021-03-01,GLD,161.53000,13828347,-0.001730
90448,2021-03-02,GLD,162.41000,11424608,0.005448
90448,2021-03-03,GLD,160.62000,13059936,-0.011022
90448,2021-03-04,GLD,159.03999,13870077,-0.009837
90448,2021-03-05,GLD,159.14000,12068139,0.000629
90448,2021-03-08,GLD,157.49001,12134854,-0.010368
90448,2021-03-09,GLD,160.84000,10382555,0.021271
90448,2021-03-10,GLD,161.66000,7962003,0.005098
90448,2021-03-11,GLD,161.52000,6749209,-0.000866
90448,2021-03-12,GLD,161.49001,8608514,-0.000186
90448,2021-03-15,GLD,162.20000,8110140,0.004397
90448,2021-03-16,GLD,162.35001,7547417,0.000925
90448,2021-03-17,GLD,163.50999,12626689,0.007145
90448,2021-03-18,GLD,162.56000,8731762,-0.005810
90448,2021-03-19,GLD,163.24001,6868892,0.004183
90448,2021-03-22,GLD,163.00000,5239970,-0.001470
90448,2021-03-23,GLD,161.81000,6048301,-0.007301
90448,2021-03-24,GLD,162.37000,6183666,0.003461
90448,2021-03-25,GLD,161.78000,8398596,-0.003634
90448,2021-03-26,GLD,162.24001,6153894,0.002843
90448,2021-03-29,GLD,160.31000,8409316,-0.011896
90448,2021-03-30,GLD,157.57001,8353246,-0.017092
90448,2021-03-31,GLD,159.96001,10623771,0.015168
90448,2021-04-01,GLD,161.98000,7105228,0.012628
90448,2021-04-05,GLD,161.92000,6163799,-0.000370
90448,2021-04-06,GLD,163.22000,6761166,0.008029
90448,2021-04-07,GLD,162.75999,5436014,-0.002818
90448,2021-04-08,GLD,164.50999,6574524,0.010752
90448,2021-04-09,GLD,163.27000,6657898,-0.007537
90448,2021-04-12,GLD,162.28000,4896669,-0.006064
90448,2021-04-13,GLD,163.42999,6995903,0.007086
90448,2021-04-14,GLD,162.72000,6312296,-0.004344
90448,2021-04-15,GLD,165.35001,8250646,0.016163
90448,2021-04-16,GLD,166.35001,10057602,0.006048
90448,2021-04-19,GLD,165.89000,5721727,-0.002765
90448,2021-04-20,GLD,166.48000,6531979,0.003557
90448,2021-04-21,GLD,168.13000,8380178,0.009911
90448,2021-04-22,GLD,167.03999,7680140,-0.006483
90448,2021-04-23,GLD,166.39999,7107484,-0.003831
90448,2021-04-26,GLD,166.84000,4786613,0.002644
90448,2021-04-27,GLD,166.42000,5363499,-0.002517
90448,2021-04-28,GLD,166.91000,6932217,0.002944
90448,2021-04-29,GLD,166.22000,9067627,-0.004134
90448,2021-04-30,GLD,165.66000,6248711,-0.003369
90448,2021-05-03,GLD,167.81000,9014708,0.012978
90448,2021-05-04,GLD,166.58000,10267411,-0.007330
90448,2021-05-05,GLD,167.27000,5949984,0.004142
90448,2021-05-06,GLD,170.06000,13574072,0.016680
90448,2021-05-07,GLD,171.59000,14748628,0.008997
90448,2021-05-10,GLD,172.11000,8276584,0.003031
90448,2021-05-11,GLD,172.14000,8348213,0.000174
90448,2021-05-12,GLD,170.42999,12666262,-0.009934
90448,2021-05-13,GLD,171.13000,8078266,0.004107
90448,2021-05-14,GLD,172.69000,9686777,0.009116
90448,2021-05-17,GLD,174.70000,11956831,0.011639
90448,2021-05-18,GLD,175.03999,7294010,0.001946
90448,2021-05-19,GLD,175.16000,20741106,0.000686
90448,2021-05-20,GLD,175.96001,9802799,0.004567
90448,2021-05-21,GLD,176.03999,7677190,0.000455
90448,2021-05-24,GLD,176.35001,5557339,0.001761
90448,2021-05-25,GLD,177.95000,8986945,0.009073
90448,2021-05-26,GLD,177.64000,8495383,-0.001742
90448,2021-05-27,GLD,177.71001,7992951,0.000394
90448,2021-05-28,GLD,178.38000,9968324,0.003770
90448,2021-06-01,GLD,177.89999,9143250,-0.002691
90448,2021-06-02,GLD,178.77000,6613106,0.004890
90448,2021-06-03,GLD,175.27000,10153899,-0.019578
90448,2021-06-04,GLD,177.16000,8375264,0.010783
90448,2021-06-07,GLD,177.87000,7709094,0.004008
90448,2021-06-08,GLD,177.32001,5905832,-0.003092
90448,2021-06-09,GLD,176.98000,6346094,-0.001918
90448,2021-06-10,GLD,177.74001,9896612,0.004294
90448,2021-06-11,GLD,175.74001,7836860,-0.011252
90448,2021-06-14,GLD,174.71001,7733645,-0.005861
90448,2021-06-15,GLD,174.05000,7550154,-0.003778
90448,2021-06-16,GLD,171.11000,16919749,-0.016892
90448,2021-06-17,GLD,165.85001,27232236,-0.030740
90448,2021-06-18,GLD,164.92999,15744310,-0.005547
90448,2021-06-21,GLD,166.95000,8370991,0.012248
90448,2021-06-22,GLD,166.25000,7223919,-0.004193
90448,2021-06-23,GLD,166.14000,8474276,-0.000662
90448,2021-06-24,GLD,166.03999,6903352,-0.000602
90448,2021-06-25,GLD,166.59000,7473679,0.003312
90448,2021-06-28,GLD,166.58000,6508902,-0.000060
90448,2021-06-29,GLD,164.83000,7451415,-0.010505
90448,2021-06-30,GLD,165.63000,7955839,0.004854
90448,2021-07-01,GLD,166.20000,7430497,0.003441
90448,2021-07-02,GLD,167.28999,7873574,0.006558
90448,2021-07-06,GLD,168.12000,7932050,0.004961
90448,2021-07-07,GLD,168.75999,7108909,0.003807
90448,2021-07-08,GLD,168.64999,7244275,-0.000652
90448,2021-07-09,GLD,169.21001,4997398,0.003321
90448,2021-07-12,GLD,169.00000,7315422,-0.001241
90448,2021-07-13,GLD,169.22000,7040277,0.001302
90448,2021-07-14,GLD,171.03999,8830335,0.010755
90448,2021-07-15,GLD,171.07001,6520126,0.000175
90448,2021-07-16,GLD,169.41000,9460348,-0.009704
90448,2021-07-19,GLD,169.61000,6707365,0.001181
90448,2021-07-20,GLD,169.39000,6540058,-0.001297
90448,2021-07-21,GLD,168.75999,4622581,-0.003719
90448,2021-07-22,GLD,169.09000,4793605,0.001955
90448,2021-07-23,GLD,168.56000,5831463,-0.003134
90448,2021-07-26,GLD,168.16000,5229817,-0.002373
90448,2021-07-27,GLD,168.44000,6300183,0.001665
90448,2021-07-28,GLD,169.28999,7905846,0.005046
90448,2021-07-29,GLD,171.17000,8119591,0.011105
90448,2021-07-30,GLD,169.82001,7391706,-0.007887
90448,2021-08-02,GLD,169.61000,10783240,-0.001237
90448,2021-08-03,GLD,169.49001,5402340,-0.000707
90448,2021-08-04,GLD,169.53000,9796349,0.000236
90448,2021-08-05,GLD,168.86000,7893245,-0.003952
90448,2021-08-06,GLD,164.64000,13547643,-0.024991
90448,2021-08-09,GLD,161.72000,11546973,-0.017736
90448,2021-08-10,GLD,161.77000,6870766,0.000309
90448,2021-08-11,GLD,164.00000,7382417,0.013785
90448,2021-08-12,GLD,164.03999,5222080,0.000244
90448,2021-08-13,GLD,166.39000,7466887,0.014326
90448,2021-08-16,GLD,167.22000,7781796,0.004988
90448,2021-08-17,GLD,166.97000,7106992,-0.001495
90448,2021-08-18,GLD,167.10001,7697931,0.000779
90448,2021-08-19,GLD,166.61000,6934268,-0.002932
90448,2021-08-20,GLD,166.70000,7154348,0.000540
90448,2021-08-23,GLD,168.73000,8190548,0.012178
90448,2021-08-24,GLD,168.64999,4519173,-0.000474
90448,2021-08-25,GLD,167.48000,5588751,-0.006937
90448,2021-08-26,GLD,167.67000,4371866,0.001134
90448,2021-08-27,GLD,170.19000,10036431,0.015030
90448,2021-08-30,GLD,169.35001,3768628,-0.004936
90448,2021-08-31,GLD,169.69000,6336002,0.002008
90448,2021-09-01,GLD,169.70000,4761265,0.000059
90448,2021-09-02,GLD,169.25000,4599879,-0.002652
90448,2021-09-03,GLD,171.06000,8353407,0.010694
90448,2021-09-07,GLD,167.71001,10004902,-0.019584
90448,2021-09-08,GLD,167.28999,6572566,-0.002504
90448,2021-09-09,GLD,168.03000,6635437,0.004423
90448,2021-09-10,GLD,167.17999,7422139,-0.005059
90448,2021-09-13,GLD,167.74001,5468447,0.003350
90448,2021-09-14,GLD,168.82001,7920281,0.006439
90448,2021-09-15,GLD,167.83000,5614746,-0.005864
90448,2021-09-16,GLD,164.03000,11775729,-0.022642
90448,2021-09-17,GLD,163.77000,8369324,-0.001585
90448,2021-09-20,GLD,164.94000,7566577,0.007144
90448,2021-09-21,GLD,166.03999,7181458,0.006669
90448,2021-09-22,GLD,165.42000,9777794,-0.003734
90448,2021-09-23,GLD,163.50999,8451899,-0.011546
90448,2021-09-24,GLD,163.30000,6937521,-0.001284
90448,2021-09-27,GLD,163.64000,4942989,0.002082
90448,2021-09-28,GLD,162.05000,9282755,-0.009716
90448,2021-09-29,GLD,161.32001,8360656,-0.004505
90448,2021-09-30,GLD,164.22000,10574824,0.017977
90448,2021-10-01,GLD,164.59000,6654686,0.002253
90448,2021-10-04,GLD,165.36000,7651658,0.004678
90448,2021-10-05,GLD,164.59000,5617283,-0.004657
90448,2021-10-06,GLD,165.03000,6067156,0.002673
90448,2021-10-07,GLD,164.16000,4791505,-0.005272
90448,2021-10-08,GLD,164.23000,8536109,0.000426
90448,2021-10-11,GLD,163.92000,3820087,-0.001888
90448,2021-10-12,GLD,164.66000,5453049,0.004514
90448,2021-10-13,GLD,167.59000,11118291,0.017794
90448,2021-10-14,GLD,168.00000,5083847,0.002446
90448,2021-10-15,GLD,165.33000,8699223,-0.015893
90448,2021-10-18,GLD,164.92000,4029594,-0.002480
90448,2021-10-19,GLD,165.45000,6588473,0.003214
90448,2021-10-20,GLD,166.89999,5022036,0.008764
90448,2021-10-21,GLD,166.75000,4412389,-0.000899
90448,2021-10-22,GLD,167.77000,10703927,0.006117
90448,2021-10-25,GLD,168.92999,4881346,0.006914
90448,2021-10-26,GLD,167.67999,6658890,-0.007400
90448,2021-10-27,GLD,168.12000,5823080,0.002624
90448,2021-10-28,GLD,168.08000,7000717,-0.000238
90448,2021-10-29,GLD,166.64999,7531872,-0.008508
90448,2021-11-01,GLD,167.52000,4975560,0.005221
90448,2021-11-02,GLD,167.16000,3760736,-0.002149
90448,2021-11-03,GLD,165.77000,9055208,-0.008315
90448,2021-11-04,GLD,167.64999,6656097,0.011341
90448,2021-11-05,GLD,169.84000,9368948,0.013063
90448,2021-11-08,GLD,170.45000,4966135,0.003592
90448,2021-11-09,GLD,171.28999,5781180,0.004928
90448,2021-11-10,GLD,173.14999,11461779,0.010859
90448,2021-11-11,GLD,174.12000,5959640,0.005602
90448,2021-11-12,GLD,174.45000,7894848,0.001895
90448,2021-11-15,GLD,174.17999,5630808,-0.001548
90448,2021-11-16,GLD,172.92000,8667323,-0.007234
90448,2021-11-17,GLD,174.50000,6523061,0.009137
90448,2021-11-18,GLD,173.94000,6253445,-0.003209
90448,2021-11-19,GLD,172.61000,8787253,-0.007646
90448,2021-11-22,GLD,168.74001,13100511,-0.022420
90448,2021-11-23,GLD,167.28000,8053370,-0.008652
90448,2021-11-24,GLD,167.12000,5359457,-0.000957
90448,2021-11-26,GLD,166.85001,9605192,-0.001616
90448,2021-11-29,GLD,166.62000,7394940,-0.001379
90448,2021-11-30,GLD,165.50000,12925270,-0.006722
90448,2021-12-01,GLD,166.16000,7825484,0.003988
90448,2021-12-02,GLD,165.24001,9604118,-0.005537
90448,2021-12-03,GLD,166.63000,9507938,0.008412
90448,2021-12-06,GLD,166.22000,4813624,-0.002461
90448,2021-12-07,GLD,166.81000,4900713,0.003549
90448,2021-12-08,GLD,166.89999,4288935,0.000540
90448,2021-12-09,GLD,165.88000,4913771,-0.006111
90448,2021-12-10,GLD,166.58000,6450614,0.004220
90448,2021-12-13,GLD,167.00000,6610673,0.002521
90448,2021-12-14,GLD,165.44000,8637879,-0.009341
90448,2021-12-15,GLD,166.14999,14231184,0.004292
90448,2021-12-16,GLD,168.16000,11186197,0.012098
90448,2021-12-17,GLD,167.80000,9867792,-0.002141
90448,2021-12-20,GLD,167.09000,6972959,-0.004231
90448,2021-12-21,GLD,167.02000,4548504,-0.000419
90448,2021-12-22,GLD,168.59000,4672941,0.009400
90448,2021-12-23,GLD,168.97000,4551124,0.002254
90448,2021-12-27,GLD,169.37000,4763297,0.002367
90448,2021-12-28,GLD,168.64000,4545714,-0.004310
90448,2021-12-29,GLD,168.59000,5889714,-0.000297
90448,2021-12-30,GLD,169.80000,5426311,0.007177
90448,2021-12-31,GLD,170.96001,7039330,0.006832
90448,2022-01-03,GLD,168.33000,9014423,-0.015384
90448,2022-01-04,GLD,169.57001,6965598,0.007367
90448,2022-01-05,GLD,169.06000,8715585,-0.003008
90448,2022-01-06,GLD,166.99001,10902661,-0.012244
90448,2022-01-07,GLD,167.75000,8191936,0.004551
90448,2022-01-10,GLD,168.25999,7026475,0.003040
90448,2022-01-11,GLD,170.28999,8368980,0.012065
90448,2022-01-12,GLD,170.74001,6280745,0.002643
90448,2022-01-13,GLD,170.16000,7034202,-0.003397
90448,2022-01-14,GLD,169.67000,7865900,-0.002880
90448,2022-01-18,GLD,169.39000,9323046,-0.001650
90448,2022-01-19,GLD,172.08000,15784477,0.015881
90448,2022-01-20,GLD,171.64999,9570477,-0.002499
90448,2022-01-21,GLD,171.09000,10982517,-0.003262
90448,2022-01-24,GLD,172.03000,15735970,0.005494
90448,2022-01-25,GLD,172.58000,17382097,0.003197
90448,2022-01-26,GLD,169.78999,17799403,-0.016166
90448,2022-01-27,GLD,167.60001,15875306,-0.012898
90448,2022-01-28,GLD,167.10001,9782484,-0.002983
90448,2022-01-31,GLD,168.09000,8539265,0.005925
90448,2022-02-01,GLD,168.23000,9763909,0.000833
90448,2022-02-02,GLD,168.84000,9085285,0.003626
90448,2022-02-03,GLD,168.60001,10650800,-0.001421
90448,2022-02-04,GLD,168.86000,9619611,0.001542
90448,2022-02-07,GLD,170.11000,7796866,0.007403
90448,2022-02-08,GLD,170.63000,5801993,0.003057
90448,2022-02-09,GLD,171.21001,8002766,0.003399
90448,2022-02-10,GLD,170.56000,10693524,-0.003797
90448,2022-02-11,GLD,173.81000,25741494,0.019055
90448,2022-02-14,GLD,174.74001,13650704,0.005351
90448,2022-02-15,GLD,173.08000,12607006,-0.009500
90448,2022-02-16,GLD,174.86000,12772069,0.010284
90448,2022-02-17,GLD,177.25000,18612546,0.013668
90448,2022-02-18,GLD,177.12000,12760663,-0.000733
90448,2022-02-22,GLD,177.49001,14960494,0.002089
90448,2022-02-23,GLD,178.28999,11772201,0.004507
90448,2022-02-24,GLD,177.14000,32725999,-0.006450
90448,2022-02-25,GLD,176.55000,11530929,-0.003331
90448,2022-02-28,GLD,178.38000,16055844,0.010365
90448,2022-03-01,GLD,181.62000,21942127,0.018163
90448,2022-03-02,GLD,179.73000,19727192,-0.010406
90448,2022-03-03,GLD,180.80000,14826051,0.005953
90448,2022-03-04,GLD,183.67999,22412092,0.015929
90448,2022-03-07,GLD,186.41000,27951785,0.014863
90448,2022-03-08,GLD,191.50999,47347678,0.027359
90448,2022-03-09,GLD,185.82001,26839671,-0.029711
90448,2022-03-10,GLD,186.39999,18455213,0.003121
90448,2022-03-11,GLD,185.09000,14824715,-0.007028
90448,2022-03-14,GLD,182.30000,13186389,-0.015074
90448,2022-03-15,GLD,178.89000,16962273,-0.018705
90448,2022-03-16,GLD,180.00999,17548090,0.006261
90448,2022-03-17,GLD,180.89000,10954139,0.004889
90448,2022-03-18,GLD,179.30000,13996452,-0.008790
90448,2022-03-21,GLD,180.67000,10582224,0.007641
90448,2022-03-22,GLD,179.36000,9621751,-0.007251
90448,2022-03-23,GLD,181.81000,12557272,0.013660
90448,2022-03-24,GLD,183.13000,10970070,0.007260
90448,2022-03-25,GLD,182.38000,7914035,-0.004095
90448,2022-03-28,GLD,179.06000,9489725,-0.018204
90448,2022-03-29,GLD,179.14000,10458927,0.000447
90448,2022-03-30,GLD,180.58000,8361286,0.008038
90448,2022-03-31,GLD,180.64999,9844398,0.000388
90448,2022-04-01,GLD,179.50000,13034395,-0.006366
90448,2022-04-04,GLD,180.37000,7063124,0.004847
90448,2022-04-05,GLD,179.24001,10828531,-0.006265
90448,2022-04-06,GLD,179.66000,8942121,0.002343
90448,2022-04-07,GLD,180.34000,10140585,0.003785
90448,2022-04-08,GLD,181.47000,10655681,0.006266
90448,2022-04-11,GLD,182.37000,10071319,0.004959
90448,2022-04-12,GLD,183.77000,12024560,0.007677
90448,2022-04-13,GLD,184.64999,8651635,0.004789
90448,2022-04-14,GLD,184.03999,11567178,-0.003304
90448,2022-04-18,GLD,184.61000,8886690,0.003097
90448,2022-04-19,GLD,181.82001,12585622,-0.015113
90448,2022-04-20,GLD,182.71001,7038625,0.004895
90448,2022-04-21,GLD,182.06000,9639834,-0.003558
90448,2022-04-22,GLD,180.28999,9146973,-0.009722
90448,2022-04-25,GLD,177.05000,13073688,-0.017971
90448,2022-04-26,GLD,177.32001,9042403,0.001525
90448,2022-04-27,GLD,175.98000,8854721,-0.007557
90448,2022-04-28,GLD,176.92999,6384762,0.005398
90448,2022-04-29,GLD,176.91000,7719702,-0.000113
90448,2022-05-02,GLD,173.63000,14318600,-0.018540
90448,2022-05-03,GLD,174.09000,7214348,0.002649
90448,2022-05-04,GLD,175.80000,10491681,0.009823
90448,2022-05-05,GLD,175.13000,12794160,-0.003811
90448,2022-05-06,GLD,175.42000,7643269,0.001656
90448,2022-05-09,GLD,172.88000,10742410,-0.014479
90448,2022-05-10,GLD,171.42000,11010440,-0.008445
90448,2022-05-11,GLD,172.82001,9179592,0.008167
90448,2022-05-12,GLD,170.17000,11626799,-0.015334
90448,2022-05-13,GLD,168.78999,13031057,-0.008110
90448,2022-05-16,GLD,170.39999,7319277,0.009538
90448,2022-05-17,GLD,169.33000,6441110,-0.006279
90448,2022-05-18,GLD,169.42000,7472850,0.000531
90448,2022-05-19,GLD,171.91000,10580267,0.014697
90448,2022-05-20,GLD,172.03000,6578056,0.000698
90448,2022-05-23,GLD,172.83000,5518503,0.004650
90448,2022-05-24,GLD,174.13000,6793991,0.007522
90448,2022-05-25,GLD,173.08000,4595917,-0.006030
90448,2022-05-26,GLD,172.75999,6466982,-0.001849
90448,2022-05-27,GLD,172.85001,3847871,0.000521
90448,2022-05-31,GLD,171.14000,6243967,-0.009893
90448,2022-06-01,GLD,172.23000,6946516,0.006369
90448,2022-06-02,GLD,174.35001,5623129,0.012309
90448,2022-06-03,GLD,172.58000,5519407,-0.010152
90448,2022-06-06,GLD,171.82001,3766042,-0.004404
90448,2022-06-07,GLD,172.94000,3860035,0.006518
90448,2022-06-08,GLD,172.78000,5140816,-0.000925
90448,2022-06-09,GLD,172.23000,4701143,-0.003183
90448,2022-06-10,GLD,174.53999,16856138,0.013412
90448,2022-06-13,GLD,169.92999,13265243,-0.026412
90448,2022-06-14,GLD,168.57001,7347935,-0.008003
90448,2022-06-15,GLD,170.77000,9000294,0.013051
90448,2022-06-16,GLD,172.69000,8823558,0.011243
90448,2022-06-17,GLD,171.27000,7407223,-0.008223
90448,2022-06-21,GLD,170.63000,5608485,-0.003737
90448,2022-06-22,GLD,171.31000,6558656,0.003985
90448,2022-06-23,GLD,170.25999,6535261,-0.006129
90448,2022-06-24,GLD,170.09000,6143081,-0.000998
90448,2022-06-27,GLD,169.89999,5719684,-0.001117
90448,2022-06-28,GLD,169.62000,2984450,-0.001648
90448,2022-06-29,GLD,169.49001,4785576,-0.000766
90448,2022-06-30,GLD,168.46001,9144391,-0.006077
90448,2022-07-01,GLD,168.32001,11380332,-0.000831
90448,2022-07-05,GLD,164.75000,14035426,-0.021210
90448,2022-07-06,GLD,162.14000,11861144,-0.015842
90448,2022-07-07,GLD,162.23000,4588418,0.000555
90448,2022-07-08,GLD,162.30000,4584112,0.000432
90448,2022-07-11,GLD,161.42999,4321663,-0.005361
90448,2022-07-12,GLD,160.83000,5375081,-0.003717
90448,2022-07-13,GLD,161.60001,8456636,0.004788
90448,2022-07-14,GLD,159.33000,12213614,-0.014047
90448,2022-07-15,GLD,159.00999,6783785,-0.002008
90448,2022-07-18,GLD,159.16000,5791779,0.000943
90448,2022-07-19,GLD,159.53999,3796198,0.002387
90448,2022-07-20,GLD,158.03999,4795846,-0.009402
90448,2022-07-21,GLD,160.27000,5863333,0.014110
90448,2022-07-22,GLD,160.67000,5733753,0.002496
90448,2022-07-25,GLD,160.23000,3713368,-0.002739
90448,2022-07-26,GLD,160.03999,2672764,-0.001186
90448,2022-07-27,GLD,161.67000,5709082,0.010185
90448,2022-07-28,GLD,163.64000,5606353,0.012185
90448,2022-07-29,GLD,164.10001,7537307,0.002811
90448,2022-08-01,GLD,165.03000,4666912,0.005667
90448,2022-08-02,GLD,164.05000,5725388,-0.005938
90448,2022-08-03,GLD,164.45000,4417759,0.002438
90448,2022-08-04,GLD,167.17000,5502000,0.016540
90448,2022-08-05,GLD,165.28999,6023291,-0.011246
90448,2022-08-08,GLD,166.69000,3457314,0.008470
90448,2022-08-09,GLD,167.20000,3205505,0.003060
90448,2022-08-10,GLD,166.78000,4077274,-0.002512
90448,2022-08-11,GLD,166.34000,4445977,-0.002638
90448,2022-08-12,GLD,167.87000,5151653,0.009198
90448,2022-08-15,GLD,165.71001,5236292,-0.012867
90448,2022-08-16,GLD,165.42000,4291529,-0.001750
90448,2022-08-17,GLD,164.35001,5569071,-0.006468
90448,2022-08-18,GLD,163.92000,3646087,-0.002616
90448,2022-08-19,GLD,162.72000,8172954,-0.007321
90448,2022-08-22,GLD,161.64000,4458113,-0.006637
90448,2022-08-23,GLD,162.77000,4425075,0.006991
90448,2022-08-24,GLD,163.25000,3202411,0.002949
90448,2022-08-25,GLD,163.75000,2857488,0.003063
90448,2022-08-26,GLD,161.75999,6689259,-0.012153
90448,2022-08-29,GLD,161.86000,4702256,0.000618
90448,2022-08-30,GLD,160.50999,4856576,-0.008341
90448,2022-08-31,GLD,159.27000,5438641,-0.007725
90448,2022-09-01,GLD,157.87000,7390755,-0.008790
90448,2022-09-02,GLD,159.25999,5196908,0.008805
90448,2022-09-06,GLD,158.33000,4863819,-0.005839
90448,2022-09-07,GLD,159.94000,3981410,0.010169
90448,2022-09-08,GLD,158.98000,4607118,-0.006002
90448,2022-09-09,GLD,159.82001,3927788,0.005284
90448,2022-09-12,GLD,160.63000,4537530,0.005068
90448,2022-09-13,GLD,158.53999,6526388,-0.013011
90448,2022-09-14,GLD,157.92999,6091085,-0.003848
90448,2022-09-15,GLD,154.98000,13181203,-0.018679
90448,2022-09-16,GLD,155.84000,7141210,0.005549
90448,2022-09-19,GLD,155.96001,5582767,0.000770
90448,2022-09-20,GLD,155.07001,5943724,-0.005707
90448,2022-09-21,GLD,155.78999,7816071,0.004643
90448,2022-09-22,GLD,155.70000,5975237,-0.000578
90448,2022-09-23,GLD,153.00999,9597991,-0.017277
90448,2022-09-26,GLD,151.23000,8240501,-0.011633
90448,2022-09-27,GLD,151.53999,7151310,0.002050
90448,2022-09-28,GLD,154.69000,8977243,0.020787
90448,2022-09-29,GLD,154.66000,6317021,-0.000194
90448,2022-09-30,GLD,154.67000,6832430,0.000065
90448,2022-10-03,GLD,158.42999,10362232,0.024310
90448,2022-10-04,GLD,160.70000,8024496,0.014328
90448,2022-10-05,GLD,159.81000,5296309,-0.005538
90448,2022-10-06,GLD,159.63000,5712627,-0.001126
90448,2022-10-07,GLD,157.88000,5030041,-0.010963
90448,2022-10-10,GLD,155.48000,6110794,-0.015201
90448,2022-10-11,GLD,155.16000,5306673,-0.002058
90448,2022-10-12,GLD,155.99001,3998472,0.005349
90448,2022-10-13,GLD,154.91000,7083767,-0.006924
90448,2022-10-14,GLD,152.98000,5474648,-0.012459
90448,2022-10-17,GLD,153.42000,4348044,0.002876
90448,2022-10-18,GLD,153.75000,4528441,0.002151
90448,2022-10-19,GLD,151.69000,8257060,-0.013398
90448,2022-10-20,GLD,151.45000,5019849,-0.001582
90448,2022-10-21,GLD,154.14999,6898351,0.017828
90448,2022-10-24,GLD,153.64999,4673274,-0.003244
90448,2022-10-25,GLD,154.00000,3434053,0.002278
90448,2022-10-26,GLD,154.98000,4451056,0.006364
90448,2022-10-27,GLD,154.74001,3654871,-0.001549
90448,2022-10-28,GLD,153.16000,4645440,-0.010211
90448,2022-10-31,GLD,151.91000,6097760,-0.008161
90448,2022-11-01,GLD,153.46001,4603597,0.010203
90448,2022-11-02,GLD,152.39000,7220403,-0.006973
90448,2022-11-03,GLD,151.81000,5378810,-0.003806
90448,2022-11-04,GLD,156.47000,7691954,0.030696
90448,2022-11-07,GLD,155.85001,4425710,-0.003962
90448,2022-11-08,GLD,159.45000,11299635,0.023099
90448,2022-11-09,GLD,158.64999,6040627,-0.005017
90448,2022-11-10,GLD,163.48000,9939858,0.030444
90448,2022-11-11,GLD,164.56000,4622422,0.006606
90448,2022-11-14,GLD,164.92000,6187552,0.002188
90448,2022-11-15,GLD,165.50000,9903495,0.003517
90448,2022-11-16,GLD,165.12000,3645845,-0.002296
90448,2022-11-17,GLD,163.92000,4578129,-0.007267
90448,2022-11-18,GLD,162.78999,4321075,-0.006894
90448,2022-11-21,GLD,161.88000,4766512,-0.005590
90448,2022-11-22,GLD,162.07001,3203837,0.001174
90448,2022-11-23,GLD,163.08000,4167005,0.006232
90448,2022-11-25,GLD,163.22000,1436508,0.000858
90448,2022-11-28,GLD,161.92999,4053918,-0.007903
90448,2022-11-29,GLD,162.73000,2620637,0.004940
90448,2022-11-30,GLD,164.81000,4874746,0.012782
90448,2022-12-01,GLD,167.84000,8625780,0.018385
90448,2022-12-02,GLD,167.25999,5185941,-0.003456
90448,2022-12-05,GLD,164.39000,5436175,-0.017159
90448,2022-12-06,GLD,164.84000,3597758,0.002737
90448,2022-12-07,GLD,166.33000,4610697,0.009039
90448,2022-12-08,GLD,166.47000,3217874,0.000842
90448,2022-12-09,GLD,167.06000,5431272,0.003544
90448,2022-12-12,GLD,165.67999,3504409,-0.008261
90448,2022-12-13,GLD,168.50999,6750199,0.017081
90448,2022-12-14,GLD,168.10001,5642965,-0.002433
90448,2022-12-15,GLD,165.35001,8370909,-0.016359
90448,2022-12-16,GLD,166.78999,5371967,0.008709
90448,2022-12-19,GLD,166.32001,3940525,-0.002818
90448,2022-12-20,GLD,169.08000,7803118,0.016594
90448,2022-12-21,GLD,168.80000,3990060,-0.001656
90448,2022-12-22,GLD,166.75999,5672656,-0.012085
90448,2022-12-23,GLD,167.25999,2912300,0.002998
90448,2022-12-27,GLD,168.67000,6885715,0.008430
90448,2022-12-28,GLD,167.91000,3662456,-0.004506
90448,2022-12-29,GLD,168.85001,3345874,0.005598
90448,2022-12-30,GLD,169.64000,2864455,0.004679
90448,2023-01-03,GLD,171.06000,7992927,0.008371
90448,2023-01-04,GLD,172.67000,7574633,0.009412
90448,2023-01-05,GLD,170.52000,4692610,-0.012451
90448,2023-01-06,GLD,173.71001,7888954,0.018707
90448,2023-01-09,GLD,174.10001,5134503,0.002245
90448,2023-01-10,GLD,174.74001,4398411,0.003676
90448,2023-01-11,GLD,174.62000,3374201,-0.000687
90448,2023-01-12,GLD,176.64000,6936919,0.011568
90448,2023-01-13,GLD,178.75999,7468768,0.012002
90448,2023-01-17,GLD,177.59000,6610834,-0.006545
90448,2023-01-18,GLD,177.08000,5384664,-0.002872
90448,2023-01-19,GLD,179.89000,6678687,0.015869
90448,2023-01-20,GLD,179.28999,5754818,-0.003335
90448,2023-01-23,GLD,179.63000,5265507,0.001896
90448,2023-01-24,GLD,180.28000,4604628,0.003619
90448,2023-01-25,GLD,181.11000,6925348,0.004604
90448,2023-01-26,GLD,179.47000,5860129,-0.009055
90448,2023-01-27,GLD,179.22000,6052728,-0.001393
90448,2023-01-30,GLD,178.75999,4210726,-0.002567
90448,2023-01-31,GLD,179.41000,5976888,0.003636
90448,2023-02-01,GLD,181.67000,7996005,0.012597
90448,2023-02-02,GLD,177.89999,8842396,-0.020752
90448,2023-02-03,GLD,173.46001,13674441,-0.024958
90448,2023-02-06,GLD,173.82001,8956963,0.002075
90448,2023-02-07,GLD,173.98000,6794153,0.000920
90448,2023-02-08,GLD,174.41000,4075638,0.002472
90448,2023-02-09,GLD,173.03000,5361340,-0.007912
90448,2023-02-10,GLD,173.36000,2971125,0.001907
90448,2023-02-13,GLD,172.48000,3970786,-0.005076
90448,2023-02-14,GLD,172.61000,5403099,0.000754
90448,2023-02-15,GLD,170.89000,5435337,-0.009965
90448,2023-02-16,GLD,170.75000,4540398,-0.000819
90448,2023-02-17,GLD,171.25999,4809799,0.002987
90448,2023-02-21,GLD,170.62000,4035933,-0.003737
90448,2023-02-22,GLD,169.66000,4105675,-0.005626
90448,2023-02-23,GLD,169.57001,5073479,-0.000530
90448,2023-02-24,GLD,168.35001,6496496,-0.007195
90448,2023-02-27,GLD,169.00999,4509151,0.003920
90448,2023-02-28,GLD,169.78000,6761585,0.004556
90448,2023-03-01,GLD,170.75999,6590468,0.005772
90448,2023-03-02,GLD,170.66000,3952266,-0.000586
90448,2023-03-03,GLD,172.49001,6894466,0.010723
90448,2023-03-06,GLD,171.62000,4264124,-0.005044
90448,2023-03-07,GLD,168.62000,8713268,-0.017480
90448,2023-03-08,GLD,168.53999,5718595,-0.000474
90448,2023-03-09,GLD,170.20000,5582980,0.009849
90448,2023-03-10,GLD,173.87000,13803437,0.021563
90448,2023-03-13,GLD,177.86000,20554417,0.022948
90448,2023-03-14,GLD,176.83000,10019032,-0.005791
90448,2023-03-15,GLD,178.21001,14546095,0.007804
90448,2023-03-16,GLD,178.57001,10764872,0.002020
90448,2023-03-17,GLD,183.77000,24156266,0.029120
90448,2023-03-20,GLD,183.84000,11845678,0.000381
90448,2023-03-21,GLD,180.37000,10734493,-0.018875
90448,2023-03-22,GLD,183.44000,11969561,0.017021
90448,2023-03-23,GLD,185.74001,11347149,0.012538
90448,2023-03-24,GLD,183.64999,9253075,-0.011252
90448,2023-03-27,GLD,181.95000,6925046,-0.009257
90448,2023-03-28,GLD,183.44000,6202597,0.008189
90448,2023-03-29,GLD,182.53000,4996493,-0.004961
90448,2023-03-30,GLD,184.17999,6360296,0.009040
90448,2023-03-31,GLD,183.22000,8003334,-0.005212
90448,2023-04-03,GLD,184.53999,9206635,0.007204
90448,2023-04-04,GLD,187.98000,13765361,0.018641
90448,2023-04-05,GLD,187.83000,11440827,-0.000798
90448,2023-04-06,GLD,186.49001,6648428,-0.007134
90448,2023-04-10,GLD,185.11000,6408114,-0.007400
90448,2023-04-11,GLD,186.28000,6031494,0.006321
90448,2023-04-12,GLD,187.19000,10000948,0.004885
90448,2023-04-13,GLD,189.72000,14060106,0.013516
90448,2023-04-14,GLD,186.36000,13272541,-0.017710
90448,2023-04-17,GLD,185.53000,7468062,-0.004454
90448,2023-04-18,GLD,186.25000,8056928,0.003881
90448,2023-04-19,GLD,185.36000,7373518,-0.004779
90448,2023-04-20,GLD,186.09000,5789908,0.003938
90448,2023-04-21,GLD,184.25000,10698705,-0.009888
90448,2023-04-24,GLD,184.81000,8303396,0.003039
90448,2023-04-25,GLD,185.75000,8451933,0.005086
90448,2023-04-26,GLD,184.74001,8203595,-0.005437
90448,2023-04-27,GLD,184.75000,9107425,0.000054
90448,2023-04-28,GLD,184.80000,6700418,0.000271
90448,2023-05-01,GLD,183.97000,7997658,-0.004491
90448,2023-05-02,GLD,187.52000,13554921,0.019297
90448,2023-05-03,GLD,189.11000,11133826,0.008479
90448,2023-05-04,GLD,190.44000,14146787,0.007033
90448,2023-05-05,GLD,187.46001,12508113,-0.015648
90448,2023-05-08,GLD,187.69000,6075441,0.001227
90448,2023-05-09,GLD,189.02000,7098810,0.007086
90448,2023-05-10,GLD,188.75000,9392097,-0.001428
90448,2023-05-11,GLD,187.13000,8245523,-0.008583
90448,2023-05-12,GLD,186.81000,7087462,-0.001710
90448,2023-05-15,GLD,187.21001,5518086,0.002141
90448,2023-05-16,GLD,184.87000,9527806,-0.012499
90448,2023-05-17,GLD,184.23000,7474277,-0.003462
90448,2023-05-18,GLD,181.84000,8812591,-0.012973
90448,2023-05-19,GLD,183.64000,8434976,0.009899
90448,2023-05-22,GLD,183.21001,4834298,-0.002341
90448,2023-05-23,GLD,183.42999,6345012,0.001201
90448,2023-05-24,GLD,181.95000,6732940,-0.008068
90448,2023-05-25,GLD,180.20000,6919174,-0.009618
90448,2023-05-26,GLD,180.92000,5823674,0.003996
90448,2023-05-30,GLD,182.03999,4906066,0.006191
90448,2023-05-31,GLD,182.32001,8497893,0.001538
90448,2023-06-01,GLD,183.75999,7300542,0.007898
90448,2023-06-02,GLD,181.05000,8726111,-0.014747
90448,2023-06-05,GLD,182.14000,6403343,0.006020
90448,2023-06-06,GLD,182.34000,4967156,0.001098
90448,2023-06-07,GLD,180.14999,9066528,-0.012011
90448,2023-06-08,GLD,182.53000,6394890,0.013211
90448,2023-06-09,GLD,182.03999,4380811,-0.002685
90448,2023-06-12,GLD,181.88000,4875450,-0.000879
90448,2023-06-13,GLD,180.53999,5126686,-0.007368
90448,2023-06-14,GLD,180.64000,6807003,0.000554
90448,2023-06-15,GLD,181.91000,6739009,0.007031
90448,2023-06-16,GLD,181.63000,8779096,-0.001539
90448,2023-06-20,GLD,179.75000,7586229,-0.010351
90448,2023-06-21,GLD,179.49001,6702339,-0.001446
90448,2023-06-22,GLD,177.71001,7948565,-0.009917
90448,2023-06-23,GLD,178.20000,5419784,0.002757
90448,2023-06-26,GLD,178.50999,3222050,0.001740
90448,2023-06-27,GLD,177.69000,5036916,-0.004594
90448,2023-06-28,GLD,177.28000,5866741,-0.002307
90448,2023-06-29,GLD,177.09000,6862511,-0.001072
90448,2023-06-30,GLD,178.27000,6420904,0.006663
90448,2023-07-03,GLD,178.47000,4085711,0.001122
90448,2023-07-05,GLD,177.84000,5652091,-0.003530
90448,2023-07-06,GLD,177.31000,5132954,-0.002980
90448,2023-07-07,GLD,178.64000,5201148,0.007501
90448,2023-07-10,GLD,178.78000,3320497,0.000784
90448,2023-07-11,GLD,179.45000,2819610,0.003748
90448,2023-07-12,GLD,181.88000,7062010,0.013541
90448,2023-07-13,GLD,182.00999,4527900,0.000715
90448,2023-07-14,GLD,181.42999,5389968,-0.003187
90448,2023-07-17,GLD,181.56000,4152919,0.000717
90448,2023-07-18,GLD,183.64000,8242597,0.011456
90448,2023-07-19,GLD,183.67000,3911565,0.000163
90448,2023-07-20,GLD,182.74001,4972856,-0.005063
90448,2023-07-21,GLD,182.17999,3845361,-0.003065
90448,2023-07-24,GLD,181.39999,4370026,-0.004281
90448,2023-07-25,GLD,182.41000,4090149,0.005568
90448,2023-07-26,GLD,183.30000,6158432,0.004879
90448,2023-07-27,GLD,180.42000,7592752,-0.015712
90448,2023-07-28,GLD,181.86000,3829197,0.007981
90448,2023-07-31,GLD,182.35001,5496890,0.002694
90448,2023-08-01,GLD,180.46001,6289869,-0.010365
90448,2023-08-02,GLD,179.60001,6348266,-0.004766
90448,2023-08-03,GLD,179.53999,4638874,-0.000334
90448,2023-08-04,GLD,180.19000,5326191,0.003620
90448,2023-08-07,GLD,179.78000,4510408,-0.002275
90448,2023-08-08,GLD,178.64000,6162879,-0.006341
90448,2023-08-09,GLD,177.78999,4643998,-0.004758
90448,2023-08-10,GLD,177.60001,5934598,-0.001069
90448,2023-08-11,GLD,177.60001,5289694,0.000000
90448,2023-08-14,GLD,177.06000,9554477,-0.003041
90448,2023-08-15,GLD,176.59000,7582703,-0.002654
90448,2023-08-16,GLD,175.57001,6559418,-0.005776
90448,2023-08-17,GLD,175.30000,7937672,-0.001538
90448,2023-08-18,GLD,175.33000,6253027,0.000171
90448,2023-08-21,GLD,175.81000,4206360,0.002738
90448,2023-08-22,GLD,176.10001,5892540,0.001650
90448,2023-08-23,GLD,177.89000,7949056,0.010165
90448,2023-08-24,GLD,177.85001,5526428,-0.000225
90448,2023-08-25,GLD,177.62000,6132927,-0.001293
90448,2023-08-28,GLD,178.13000,4740683,0.002871
90448,2023-08-29,GLD,179.87000,7576640,0.009768
90448,2023-08-30,GLD,180.32001,6593692,0.002502
90448,2023-08-31,GLD,180.02000,4795626,-0.001664
90448,2023-09-01,GLD,180.11000,4970732,0.000500
90448,2023-09-05,GLD,178.64000,7056834,-0.008162
90448,2023-09-06,GLD,177.83000,6427224,-0.004534
90448,2023-09-07,GLD,178.02000,3257213,0.001068
90448,2023-09-08,GLD,178.08000,3293699,0.000337
90448,2023-09-11,GLD,178.41000,3689085,0.001853
90448,2023-09-12,GLD,177.49001,4445435,-0.005157
90448,2023-09-13,GLD,177.08000,3874788,-0.002310
90448,2023-09-14,GLD,177.17000,6184382,0.000508
90448,2023-09-15,GLD,178.34000,5620888,0.006604
90448,2023-09-18,GLD,179.39000,5049308,0.005888
90448,2023-09-19,GLD,179.22000,4225102,-0.000948
90448,2023-09-20,GLD,179.35001,9330262,0.000725
90448,2023-09-21,GLD,178.05000,7573300,-0.007248
90448,2023-09-22,GLD,178.62000,3637075,0.003201
90448,2023-09-25,GLD,177.70000,5582074,-0.005151
90448,2023-09-26,GLD,176.28000,7181080,-0.007991
90448,2023-09-27,GLD,174.10001,10919579,-0.012367
90448,2023-09-28,GLD,173.23000,10061917,-0.004997
90448,2023-09-29,GLD,171.45000,10427383,-0.010275
90448,2023-10-02,GLD,169.64999,12706027,-0.010499
90448,2023-10-03,GLD,169.16000,11459840,-0.002888
90448,2023-10-04,GLD,169.14000,10034600,-0.000118
90448,2023-10-05,GLD,168.83000,6970219,-0.001833
90448,2023-10-06,GLD,169.70000,9948433,0.005153
90448,2023-10-09,GLD,172.82001,10201547,0.018385
90448,2023-10-10,GLD,172.53000,5843995,-0.001678
90448,2023-10-11,GLD,173.78999,7128002,0.007303
90448,2023-10-12,GLD,173.25999,5912663,-0.003050
90448,2023-10-13,GLD,178.83000,18802885,0.032148
90448,2023-10-16,GLD,177.96001,8385428,-0.004865
90448,2023-10-17,GLD,178.28999,8231866,0.001854
90448,2023-10-18,GLD,180.87000,13920793,0.014471
90448,2023-10-19,GLD,183.09000,13406560,0.012274
90448,2023-10-20,GLD,183.59000,12785667,0.002731
90448,2023-10-23,GLD,182.97000,9479805,-0.003377
90448,2023-10-24,GLD,182.95000,6593963,-0.000109
90448,2023-10-25,GLD,183.72000,10087016,0.004209
90448,2023-10-26,GLD,184.00999,7671406,0.001578
90448,2023-10-27,GLD,186.14999,14102828,0.011630
90448,2023-10-30,GLD,185.10001,8756405,-0.005641
90448,2023-10-31,GLD,184.09000,10104569,-0.005457
90448,2023-11-01,GLD,183.50999,9048562,-0.003151
90448,2023-11-02,GLD,184.12000,7343699,0.003324
90448,2023-11-03,GLD,184.78999,8530399,0.003639
90448,2023-11-06,GLD,183.35001,8274666,-0.007793
90448,2023-11-07,GLD,182.59000,6795795,-0.004145
90448,2023-11-08,GLD,180.77000,6738304,-0.009968
90448,2023-11-09,GLD,181.49001,6486286,0.003983
90448,2023-11-10,GLD,179.50999,7611618,-0.010910
90448,2023-11-13,GLD,180.50999,5385908,0.005571
90448,2023-11-14,GLD,182.12000,6831639,0.008919
90448,2023-11-15,GLD,181.64000,4909399,-0.002636
90448,2023-11-16,GLD,183.69000,8253348,0.011286
90448,2023-11-17,GLD,183.67000,4871297,-0.000109
90448,2023-11-20,GLD,183.37000,5393464,-0.001633
90448,2023-11-21,GLD,185.35001,7322379,0.010798
90448,2023-11-22,GLD,184.56000,4338209,-0.004262
90448,2023-11-24,GLD,185.52000,2445058,0.005202
90448,2023-11-27,GLD,186.77000,6320420,0.006738
90448,2023-11-28,GLD,189.25999,10901890,0.013332
90448,2023-11-29,GLD,189.53999,8407253,0.001479
90448,2023-11-30,GLD,188.75000,7558123,-0.004168
90448,2023-12-01,GLD,192.00999,16727571,0.017271
90448,2023-12-04,GLD,187.86000,18460544,-0.021613
90448,2023-12-05,GLD,187.14999,7027722,-0.003779
90448,2023-12-06,GLD,187.84000,5778604,0.003687
90448,2023-12-07,GLD,188.14999,5802025,0.001650
90448,2023-12-08,GLD,185.64000,7883204,-0.013340
90448,2023-12-11,GLD,183.59000,8519527,-0.011043
90448,2023-12-12,GLD,183.49001,5056911,-0.000545
90448,2023-12-13,GLD,187.63000,10635500,0.022563
90448,2023-12-14,GLD,188.73000,9107157,0.005863
90448,2023-12-15,GLD,187.00000,8324824,-0.009167
90448,2023-12-18,GLD,187.85001,5357987,0.004545
90448,2023-12-19,GLD,189.13000,6025564,0.006814
90448,2023-12-20,GLD,188.10001,6002395,-0.005446
90448,2023-12-21,GLD,189.42999,4619995,0.007071
90448,2023-12-22,GLD,190.27000,7176292,0.004434
90448,2023-12-26,GLD,191.72000,4502664,0.007621
90448,2023-12-27,GLD,192.59000,5813295,0.004538
90448,2023-12-28,GLD,191.47000,6171506,-0.005815
90448,2023-12-29,GLD,191.17000,4612349,-0.001567
90448,2024-01-02,GLD,190.72000,6025646,-0.002354
90448,2024-01-03,GLD,189.13000,8661568,-0.008337
90448,2024-01-04,GLD,189.32001,4416743,0.001005
90448,2024-01-05,GLD,189.35001,7481883,0.000158
90448,2024-01-08,GLD,187.87000,6214968,-0.007816
90448,2024-01-09,GLD,187.92999,4437269,0.000319
90448,2024-01-10,GLD,187.50000,4504726,-0.002288
90448,2024-01-11,GLD,187.87000,6831086,0.001973
90448,2024-01-12,GLD,189.71001,6833678,0.009794
90448,2024-01-16,GLD,187.91000,6548068,-0.009488
90448,2024-01-17,GLD,185.84000,8643163,-0.011016
90448,2024-01-18,GLD,187.37000,4685239,0.008233
90448,2024-01-19,GLD,187.92999,5719650,0.002989
90448,2024-01-22,GLD,187.22000,4397522,-0.003778
90448,2024-01-23,GLD,187.95000,5040771,0.003899
90448,2024-01-24,GLD,186.39999,6085437,-0.008247
90448,2024-01-25,GLD,187.14000,4651026,0.003970
90448,2024-01-26,GLD,187.00999,5064774,-0.000695
90448,2024-01-29,GLD,188.33000,5629695,0.007058
90448,2024-01-30,GLD,188.59000,4976467,0.001381
90448,2024-01-31,GLD,188.45000,7886115,-0.000742
90448,2024-02-01,GLD,190.41000,10278129,0.010401
90448,2024-02-02,GLD,188.61000,7337573,-0.009453
90448,2024-02-05,GLD,187.57001,5436062,-0.005514
90448,2024-02-06,GLD,188.55000,4866122,0.005225
90448,2024-02-07,GLD,188.50000,6276879,-0.000265
90448,2024-02-08,GLD,188.33000,3873445,-0.000902
90448,2024-02-09,GLD,187.60001,4412654,-0.003876
90448,2024-02-12,GLD,187.11000,4706253,-0.002612
90448,2024-02-13,GLD,184.53000,9525794,-0.013789
90448,2024-02-14,GLD,184.42000,7031562,-0.000596
90448,2024-02-15,GLD,185.66000,6228859,0.006724
90448,2024-02-16,GLD,186.34000,6518526,0.003663
90448,2024-02-20,GLD,187.47000,5531152,0.006064
90448,2024-02-21,GLD,187.48000,5789951,0.000053
90448,2024-02-22,GLD,187.56000,4550823,0.000427
90448,2024-02-23,GLD,188.62000,6827271,0.005652
90448,2024-02-26,GLD,188.20000,4491937,-0.002227
90448,2024-02-27,GLD,188.00000,5165376,-0.001063
90448,2024-02-28,GLD,188.34000,2824131,0.001808
90448,2024-02-29,GLD,189.31000,6848639,0.005150
90448,2024-03-01,GLD,192.89000,13410997,0.018911
90448,2024-03-04,GLD,196.00999,12216341,0.016175
90448,2024-03-05,GLD,197.19000,9672210,0.006020
90448,2024-03-06,GLD,198.81000,10459292,0.008215
90448,2024-03-07,GLD,199.94000,8403737,0.005684
90448,2024-03-08,GLD,201.63000,13540110,0.008453
90448,2024-03-11,GLD,202.00000,7329560,0.001835
90448,2024-03-12,GLD,199.78999,9436586,-0.010941
90448,2024-03-13,GLD,201.19000,5929990,0.007007
90448,2024-03-14,GLD,200.35001,6865044,-0.004175
90448,2024-03-15,GLD,199.71001,4556710,-0.003194
90448,2024-03-18,GLD,200.03000,7206823,0.001602
90448,2024-03-19,GLD,199.80000,4657527,-0.001150
90448,2024-03-20,GLD,202.17999,9593754,0.011912
90448,2024-03-21,GLD,201.97000,7396540,-0.001039
90448,2024-03-22,GLD,200.35001,6918508,-0.008021
90448,2024-03-25,GLD,200.99001,4034750,0.003194
90448,2024-03-26,GLD,201.64000,5752677,0.003234
90448,2024-03-27,GLD,203.10001,6040980,0.007241
90448,2024-03-28,GLD,205.72000,9194473,0.012900
90448,2024-04-01,GLD,207.82001,13677114,0.010208
90448,2024-04-02,GLD,210.89000,13421070,0.014772
90448,2024-04-03,GLD,212.74001,11416226,0.008772
90448,2024-04-04,GLD,211.52000,12307274,-0.005735
90448,2024-04-05,GLD,215.14000,13382720,0.017114
90448,2024-04-08,GLD,216.48000,10331406,0.006228
90448,2024-04-09,GLD,217.67000,13079306,0.005497
90448,2024-04-10,GLD,215.61000,13317492,-0.009464
90448,2024-04-11,GLD,219.80000,11415224,0.019433
90448,2024-04-12,GLD,216.89000,30898775,-0.013239
90448,2024-04-15,GLD,220.95000,13238952,0.018719
90448,2024-04-16,GLD,221.22000,10746123,0.001222
90448,2024-04-17,GLD,219.59000,11521054,-0.007368
90448,2024-04-18,GLD,220.34000,6496885,0.003415
90448,2024-04-19,GLD,221.03000,8688967,0.003132
90448,2024-04-22,GLD,215.57001,13404253,-0.024702
90448,2024-04-23,GLD,215.03999,10730332,-0.002459
90448,2024-04-24,GLD,214.64000,5741072,-0.001860
90448,2024-04-25,GLD,215.92000,6606512,0.005963
90448,2024-04-26,GLD,216.62000,6268504,0.003242
90448,2024-04-29,GLD,216.17999,6409870,-0.002031
90448,2024-04-30,GLD,211.87000,11248615,-0.019937
90448,2024-05-01,GLD,213.78999,10373880,0.009062
90448,2024-05-02,GLD,213.13000,6286967,-0.003087
90448,2024-05-03,GLD,212.96001,8679910,-0.000798
90448,2024-05-06,GLD,215.20000,6840477,0.010518
90448,2024-05-07,GLD,214.21001,5660735,-0.004600
90448,2024-05-08,GLD,213.58000,4462736,-0.002941
90448,2024-05-09,GLD,216.95000,7732469,0.015779
90448,2024-05-10,GLD,218.71001,8700917,0.008113
90448,2024-05-13,GLD,216.25999,4896343,-0.011202
90448,2024-05-14,GLD,218.09000,4662679,0.008462
90448,2024-05-15,GLD,220.89000,9297715,0.012839
90448,2024-05-16,GLD,220.03000,4301652,-0.003893
90448,2024-05-17,GLD,223.66000,10481937,0.016498
90448,2024-05-20,GLD,224.56000,5990860,0.004024
90448,2024-05-21,GLD,224.23000,4002615,-0.001470
90448,2024-05-22,GLD,220.11000,8903115,-0.018374
90448,2024-05-23,GLD,215.72000,9537911,-0.019945
90448,2024-05-24,GLD,215.92000,4212379,0.000927
90448,2024-05-28,GLD,218.19000,3809677,0.010513
90448,2024-05-29,GLD,216.16000,4184972,-0.009304
90448,2024-05-30,GLD,216.57001,3071290,0.001897
90448,2024-05-31,GLD,215.30000,5617183,-0.005864
90448,2024-06-03,GLD,217.22000,6172606,0.008918
90448,2024-06-04,GLD,215.27000,5509361,-0.008977
90448,2024-06-05,GLD,217.82001,5479226,0.011846
90448,2024-06-06,GLD,219.42999,5283914,0.007391
90448,2024-06-07,GLD,211.60001,12195073,-0.035683
90448,2024-06-10,GLD,213.53999,4219641,0.009168
90448,2024-06-11,GLD,214.14999,4004085,0.002857
90448,2024-06-12,GLD,214.72000,5911883,0.002662
90448,2024-06-13,GLD,212.97000,5861099,-0.008150
90448,2024-06-14,GLD,215.73000,7076496,0.012960
90448,2024-06-17,GLD,214.61000,3877671,-0.005192
90448,2024-06-18,GLD,215.47000,4921415,0.004007
90448,2024-06-20,GLD,218.16000,7290516,0.012484
90448,2024-06-21,GLD,214.78000,8935399,-0.015493
90448,2024-06-24,GLD,215.63000,4626923,0.003958
90448,2024-06-25,GLD,214.56000,3847694,-0.004962
90448,2024-06-26,GLD,212.58000,4690348,-0.009228
90448,2024-06-27,GLD,214.99001,4977837,0.011337
90448,2024-06-28,GLD,215.00999,3955080,0.000093
90448,2024-07-01,GLD,215.57001,3797921,0.002605
90448,2024-07-02,GLD,215.56000,4921672,-0.000046
90448,2024-07-03,GLD,217.99001,5055313,0.011273
90448,2024-07-05,GLD,220.92999,5950550,0.013487
90448,2024-07-08,GLD,218.19000,5790811,-0.012402
90448,2024-07-09,GLD,218.56000,3904495,0.001696
90448,2024-07-10,GLD,219.36000,5556185,0.003660
90448,2024-07-11,GLD,223.25000,9323981,0.017733
90448,2024-07-12,GLD,223.11000,5179297,-0.000627
90448,2024-07-15,GLD,223.83000,5719339,0.003227
90448,2024-07-16,GLD,228.28999,11070663,0.019926
90448,2024-07-17,GLD,227.23000,8620511,-0.004643
90448,2024-07-18,GLD,225.78000,5485459,-0.006381
90448,2024-07-19,GLD,221.73000,8665956,-0.017938
90448,2024-07-22,GLD,221.80000,5334060,0.000316
90448,2024-07-23,GLD,222.58000,4435700,0.003517
90448,2024-07-24,GLD,221.80000,6838783,-0.003504
90448,2024-07-25,GLD,218.33000,9777054,-0.015645
90448,2024-07-26,GLD,220.63000,6328784,0.010535
90448,2024-07-29,GLD,220.32001,4665057,-0.001405
90448,2024-07-30,GLD,222.52000,4939531,0.009985
90448,2024-07-31,GLD,226.55000,7316552,0.018111
90448,2024-08-01,GLD,225.77000,7217224,-0.003443
90448,2024-08-02,GLD,225.34000,11109387,-0.001905
90448,2024-08-05,GLD,222.48000,8939011,-0.012692
90448,2024-08-06,GLD,220.70000,14362267,-0.008001
90448,2024-08-07,GLD,220.55000,5287817,-0.000680
90448,2024-08-08,GLD,224.00999,6327054,0.015688
90448,2024-08-09,GLD,224.56000,4441017,0.002455
90448,2024-08-12,GLD,228.41000,5561259,0.017145
90448,2024-08-13,GLD,228.06000,6740238,-0.001532
90448,2024-08-14,GLD,226.20000,5462495,-0.008156
90448,2024-08-15,GLD,226.91000,5273310,0.003139
90448,2024-08-16,GLD,231.99001,11924536,0.022388
90448,2024-08-19,GLD,231.61000,5164817,-0.001638
90448,2024-08-20,GLD,232.46001,9073611,0.003670
90448,2024-08-21,GLD,232.14999,5337388,-0.001334
90448,2024-08-22,GLD,229.37000,5765369,-0.011975
90448,2024-08-23,GLD,232.02000,5418171,0.011553
90448,2024-08-26,GLD,232.75999,3151384,0.003189
90448,2024-08-27,GLD,233.39000,4435606,0.002707
90448,2024-08-28,GLD,231.75000,4961482,-0.007027
90448,2024-08-29,GLD,232.95000,5524161,0.005178
90448,2024-08-30,GLD,231.28999,5742963,-0.007126
90448,2024-09-03,GLD,230.28999,6417918,-0.004324
90448,2024-09-04,GLD,230.42999,4695980,0.000608
90448,2024-09-05,GLD,232.35001,4838112,0.008332
90448,2024-09-06,GLD,230.63000,6315824,-0.007403
90448,2024-09-09,GLD,231.60001,3548806,0.004206
90448,2024-09-10,GLD,232.62000,4378349,0.004404
90448,2024-09-11,GLD,232.25000,4637312,-0.001591
90448,2024-09-12,GLD,236.33000,9944986,0.017567
90448,2024-09-13,GLD,238.67999,7455078,0.009944
90448,2024-09-16,GLD,238.66000,4713541,-0.000084
90448,2024-09-17,GLD,237.34000,5257119,-0.005531
90448,2024-09-18,GLD,235.50999,11081114,-0.007710
90448,2024-09-19,GLD,239.17000,6108226,0.015541
90448,2024-09-20,GLD,242.21001,7737416,0.012711
90448,2024-09-23,GLD,242.67999,5426166,0.001940
90448,2024-09-24,GLD,246.07001,8386348,0.013969
90448,2024-09-25,GLD,245.73000,7393448,-0.001382
90448,2024-09-26,GLD,246.98000,7041063,0.005087
90448,2024-09-27,GLD,245.02000,8329633,-0.007936
90448,2024-09-30,GLD,243.06000,6919352,-0.007999
90448,2024-10-01,GLD,245.61000,10605494,0.010491
90448,2024-10-02,GLD,245.66000,6798783,0.000204
90448,2024-10-03,GLD,245.49001,5674503,-0.000692
90448,2024-10-04,GLD,245.00000,5951628,-0.001996
90448,2024-10-07,GLD,244.17000,3849026,-0.003388
90448,2024-10-08,GLD,242.37000,7669807,-0.007372
90448,2024-10-09,GLD,241.05000,4120486,-0.005446
90448,2024-10-10,GLD,242.82001,4792690,0.007343
90448,2024-10-11,GLD,245.47000,5789546,0.010913
90448,2024-10-14,GLD,245.07001,3922892,-0.001630
90448,2024-10-15,GLD,245.92000,5640831,0.003468
90448,2024-10-16,GLD,247.14999,5431939,0.005002
90448,2024-10-17,GLD,248.63000,5176170,0.005988
90448,2024-10-18,GLD,251.27000,7833614,0.010618
90448,2024-10-21,GLD,251.22000,9258590,-0.000199
90448,2024-10-22,GLD,253.92999,5756321,0.010787
90448,2024-10-23,GLD,250.87000,8080958,-0.012051
90448,2024-10-24,GLD,252.80000,5962188,0.007693
90448,2024-10-25,GLD,253.32001,4424475,0.002057
90448,2024-10-28,GLD,253.33000,4029110,0.000039
90448,2024-10-29,GLD,256.09000,8875470,0.010895
90448,2024-10-30,GLD,257.50000,6386196,0.005506
90448,2024-10-31,GLD,253.50999,9930827,-0.015495
90448,2024-11-01,GLD,252.47000,6473012,-0.004102
90448,2024-11-04,GLD,252.83000,4581435,0.001426
90448,2024-11-05,GLD,253.39999,6029884,0.002254
90448,2024-11-06,GLD,245.70000,14600217,-0.030387
90448,2024-11-07,GLD,249.64999,8821445,0.016077
90448,2024-11-08,GLD,247.96001,6267916,-0.006769
90448,2024-11-11,GLD,242.14000,11653848,-0.023472
90448,2024-11-12,GLD,240.05000,10145510,-0.008631
90448,2024-11-13,GLD,237.63000,8431694,-0.010081
90448,2024-11-14,GLD,237.00999,8262426,-0.002609
90448,2024-11-15,GLD,236.59000,7299482,-0.001772
90448,2024-11-18,GLD,241.09000,6512986,0.019020
90448,2024-11-19,GLD,243.25000,6579103,0.008959
90448,2024-11-20,GLD,244.62000,6630737,0.005632
90448,2024-11-21,GLD,246.66000,7646429,0.008340
90448,2024-11-22,GLD,249.84000,7502963,0.012892
90448,2024-11-25,GLD,242.48000,10733109,-0.029459
90448,2024-11-26,GLD,242.95000,4945897,0.001938
90448,2024-11-27,GLD,243.49001,6930587,0.002223
90448,2024-11-29,GLD,245.59000,2708494,0.008625
90448,2024-12-02,GLD,243.44000,4765001,-0.008754
90448,2024-12-03,GLD,243.92999,3557819,0.002013
90448,2024-12-04,GLD,244.67000,4608584,0.003034
90448,2024-12-05,GLD,242.86000,4806206,-0.007398
90448,2024-12-06,GLD,242.95000,3540698,0.000371
90448,2024-12-09,GLD,245.36000,4711536,0.009920
90448,2024-12-10,GLD,248.59000,4641963,0.013164
90448,2024-12-11,GLD,250.96001,11033776,0.009534
90448,2024-12-12,GLD,247.28000,10149585,-0.014664
90448,2024-12-13,GLD,244.28999,6602591,-0.012092
90448,2024-12-16,GLD,244.88000,3310036,0.002415
90448,2024-12-17,GLD,243.94000,4421339,-0.003839
90448,2024-12-18,GLD,239.25999,8015848,-0.019185
90448,2024-12-19,GLD,239.60001,8113568,0.001421
90448,2024-12-20,GLD,242.10001,9527805,0.010434
90448,2024-12-23,GLD,240.96001,5835498,-0.004709
90448,2024-12-24,GLD,241.44000,2421008,0.001992
90448,2024-12-26,GLD,243.07001,4651778,0.006751
90448,2024-12-27,GLD,241.39999,4728440,-0.006871
90448,2024-12-30,GLD,240.63000,3522539,-0.003190
90448,2024-12-31,GLD,242.13000,2522102,0.006234
